text,created_at,lat,lon,polarity,sentiment,emotion,party
YOU be the change...That part! #voted #vote #voter #ivoted #democrat #hilaryclinton #unite‚Ä¶ https://t.co/Wq5ZJVySed,11/8/2016 4:39,40.7506734,-73.9923478,19.71547723,positive,Sadness,Hillary
Y'all better step playing!!! Take care of your business!! #govoteüá∫üá∏ #election2016‚Ä¶ https://t.co/OQp1WlJT1R,11/8/2016 5:01,40.7142,-74.0064,38.67188361,positive,Surprise,Election
Wore the brother-in-laws special helmet to decide who I voted for! #Ivoted #election2016‚Ä¶ https://t.co/G8GlU0ppNe,11/8/2016 5:25,39.903,-104.954,37.11583429,positive,Joy,Election
Wore my smart ass t-shirt to go vote yes I'm a proud #democrat always have been always will be!‚Ä¶ https://t.co/KPQue8ubV4,11/8/2016 5:33,35.783,-78.67,95.54110273,positive,Fear,Hillary
"With this pen,  I will write in.  #votemyconscience #Election2016‚Ä¶ https://t.co/mhKWkzd7yh",11/8/2016 5:34,40.7207559,-74.0007613,21.27152655,positive,Sadness,Election
Wishes she could vote today as well!! #catsofinstagram #cats #catsagram #tuxedocat #election2016‚Ä¶ https://t.co/NjTumZsZNW,11/8/2016 5:38,41.35,-77.06,38.67188361,positive,Joy,Election
Winners hang with winners. Anthony Keith West and Congressman John Lewis Democrat Georgia. I‚Ä¶ https://t.co/VpUSMKg3tA,11/8/2016 5:39,47.68649273,-122.3960804,38.67188361,positive,Fear,Hillary
"Whether you Republican or Democrat...#WhatUpEverybody 
#GetYoAssOutAndVote‚Ä¶ https://t.co/TgsIkJapx3",11/8/2016 5:59,35.783,-78.67,19.71547723,positive,Fear,Election
Where are the Democrat signs in St. Charles County? #electionday @ Cottleville City Hall https://t.co/K8APjq4Tif,11/8/2016 6:03,35.783,-78.67,19.71547723,positive,Joy,Hillary
When you're smiling just to hold back the tears. #ivoted #election2016 @ West Metro Church of‚Ä¶ https://t.co/wO5z1WnXH1,11/8/2016 6:07,34.10091,-118.34212,2.709175096,positive,Fear,Election
What a beautiful morning ‚òÄÔ∏èto take part in the democratic process! üá∫üá∏ #iVoted #Election2016‚Ä¶ https://t.co/3TlaQv7CTu,11/8/2016 6:38,38.8985902,-77.0336519,38.67188361,positive,Anger,Hillary
What a beautiful day to exercise the 19th amendment. Go vote. #ivotedüá∫üá∏ #imwithher #election2016‚Ä¶ https://t.co/GE1ctSrKtX,11/8/2016 6:43,34.139702,-118.022308,21.27152655,positive,Joy,Hillary
"wendythedarlingcorgi voted, how about you? #RittenhouseHillVotes #electionday #election2016‚Ä¶ https://t.co/yHBuq6ZvSF",11/8/2016 7:22,37.775,-122.418,2.315120175,positive,Fear,Election
Well.. I voted   #election2016üá∫üá∏ @ City of Milford https://t.co/S0KdWh6vFl,11/8/2016 7:26,34.10091,-118.34212,19.71547723,positive,Joy,Election
"well shit
#barackobama #president #donaldtrump #democrat #hilaryclinton #anime #otaku‚Ä¶ https://t.co/kXgo1rWHhq",11/8/2016 7:31,47.7449,-122.083,37.11583429,positive,Fear,Trump
"Well, #captainamerica wants you to go out and #vote this #electionday!!! #election2016‚Ä¶ https://t.co/pB2aCrAkV0",11/8/2016 7:31,33.8,-116.6666667,19.71547723,positive,Sadness,Election
Wearing my blue @tedbaker suit today as a proud Democrat voting for the first American female‚Ä¶ https://t.co/VOfxLYsGb3,11/8/2016 7:37,38.89733266,-77.03548342,56.07224067,positive,Sadness,Hillary
We voted. Did you?! #imwithher #vote #voted #election2016‚Ä¶ https://t.co/XKDDnqLu8x,11/8/2016 9:52,40.6494867,-73.78156533,2.315120175,positive,Anger,Hillary
"We voted! Have you? If not, go out there and do your part! 
.
.
.
.
.
.
.
#election2016‚Ä¶ https://t.co/Povd1IVVKZ",11/8/2016 10:21,31.99687033,-81.269496,2.315120175,positive,Sadness,Election
"We voted! ‚ù§Ô∏èüá∫üá∏‚úÖ
.
.
.
.
.
#voted #imwithher #democrat #hillaryclinton #ilovevoting‚Ä¶ https://t.co/gwAIQ4A9c0",11/8/2016 10:32,37.41654934,-77.61053279,19.71547723,positive,Fear,Hillary
"we ton be lit
#barackobama #president #donaldtrump #democrat #hilaryclinton #anime #otaku‚Ä¶ https://t.co/zpBg101m8p",11/8/2016 10:54,40.7457,-74.05026,19.71547723,positive,Joy,Trump
"We love @jtylerlee #52NewFoods #brusselsproutchips üå±üíú #foodrevolution @ Congress Park, Denver https://t.co/Q5wTRQDJPa",11/8/2016 10:58,40.65,-73.95,21.27152655,positive,Sadness,Election
We came. We conquered. We voted. And now we grub! #Election2016‚Ä¶ https://t.co/hqz0xhck6C,11/8/2016 11:10,33.80968382,-84.22578268,2.315120175,positive,Joy,Election
We are covering both local Democrat and Republican parties tonight. Current view at the local‚Ä¶ https://t.co/vwXGNxamzX,11/8/2016 11:11,32.90783954,-79.993693,19.71547723,positive,Joy,Election
Watching the #polls like üìâüá∫üá∏üíÄ || #2016 #election #hillary #trump #democrat #republican #america‚Ä¶ https://t.co/uTTxPilt1T,11/8/2016 11:15,41.28090562,-72.82315652,2.709175096,positive,Fear,Hillary
"Want to work in 211 CONGRESS STREET, #BOSTON, MA? View our latest opening: https://t.co/VdVjtGFm6F #Job #BusinessMgmt #Veterans #Jobs",11/8/2016 11:17,40.71330089,-74.01342472,2.040424,positive,Joy,Election
"Waited in line for an hour, but it's done!!! #election2016‚Ä¶ https://t.co/i0pvcnSj64",11/8/2016 11:30,32.8002185,-83.6423546,2.315120175,positive,Joy,Election
Voting together since 2010. #therobertsonsofcataula #harriscountyga #postthepeach #election2016‚Ä¶ https://t.co/hB8i7qpATA,11/8/2016 11:35,40.80927,-73.94907117,21.27152655,positive,Joy,Election
"Voting today
#makingmyvotecountüìù‚úè 
#election2016üá∫üá∏ 
#trump 
#trumpüá∫üá∏ @ Hanahan Middle https://t.co/SeJZv4uqGf",11/8/2016 11:36,40,-100,21.27152655,positive,Sadness,Trump
"Voting is a right, privilege, and responsibility! VOTE TODAY! üá∫üá∏ #ivoted #vote #election2016 @‚Ä¶ https://t.co/0FykRwhyZt",11/8/2016 11:38,39.29938607,-76.5794865,2.63602335,positive,Anger,Election
"Voting done ‚úÖ #election2016üá∫üá∏ @ Milton, Pennsylvania https://t.co/iGROOsnuYB",11/8/2016 11:40,40.747,-73.986,2.315120175,positive,Fear,Election
Voting day in the USA!! Great day to be an American. #IVoted #EveryVoteCounts #Election2016‚Ä¶ https://t.co/KZ3BSkxVDb,11/8/2016 11:41,43.557968,-73.650986,38.67188361,positive,Fear,Election
"Voted!! #imwithher @ Congress Park, Denver https://t.co/zClxfSFqpp",11/8/2016 11:44,40.6796769,-73.9475557,2.315120175,positive,Fear,Hillary
Voted!!! #election2016üá∫üá∏ @evanlevesque16 #electionday @ Village of‚Ä¶ https://t.co/NAaCIwckBv,11/8/2016 11:44,40.68684469,-73.99740478,2.315120175,positive,Fear,Election
voted for the nastiest woman on the ballot üòà also wrote in 'Mattie the Collie' for congress‚Ä¶ https://t.co/d40O3glixc,11/8/2016 11:52,33.74114185,-84.41114967,2.315120175,positive,Sadness,Election
VOTE! #IVoted #TeamHillary hillaryclinton #Democrat #Brooklyn #PS5 #Poll #PollingStation‚Ä¶ https://t.co/ZHcLSFKOFh,11/8/2016 11:59,37.46492091,-77.51945252,19.71547723,positive,Anger,Hillary
"Vote vote vote.... Please vote! #vote #imwithher #democrat #votolatino @ Silver Lake, Los Angeles https://t.co/QoCI34LqPI",11/8/2016 12:01,40.7644,-74.14793,38.67188361,positive,Joy,Hillary
"VOTE FOR EL IDIOTA? üòà ....
.
.
#DumpTrump #NeverTrump #ElectionNight #Hillary #election2016‚Ä¶ https://t.co/1djxus9BWV",11/8/2016 12:02,38.8991,-77.029,2.315120175,positive,Surprise,Hillary
Vote ‚úì | Run ‚úì | Work ‚úì | üá∫üá∏üá∫üá∏üá∫üá∏#runthevote #myphillyrun #philadelphiarunner #vote #election2016‚Ä¶ https://t.co/GIbp99elzw,11/8/2016 12:04,39.9270145,-75.2508548,21.27152655,positive,Fear,Election
U.S. Rep. Beto O'Rourke to claim third term in U.S. Congress epelex https://t.co/24l4vzwD8H,11/8/2016 12:08,39.93015,-86.06048,2.315120175,positive,Surprise,Election
Today's political statement for the workplace... #imwithher #wonderwoman #election2016‚Ä¶ https://t.co/ObUxgrJpq0,11/8/2016 12:12,41.11526,-73.41996,2.315120175,positive,Sadness,Hillary
TODAY WE MAKE AMERICA GREAT AGAIN!!!  #election2016‚Ä¶ https://t.co/hFF1dtwrMP,11/8/2016 12:14,35.5855904,-80.8707962,21.27152655,positive,Surprise,Election
Today is the day #VoteHillary #ElectionDay Trump es solo material de ba√±o jejeje #Election2016‚Ä¶ https://t.co/yA2GMKt81d,11/8/2016 12:16,38.89896845,-76.76692824,21.27152655,positive,Joy,Hillary
"Today is #ElectionDay¬† üá∫üá∏ !!!
#GetOutAndVote #Florida #Election2016‚Ä¶ https://t.co/eIIac87QKz",11/8/2016 12:18,37.885419,-84.5958663,2.315120175,positive,Joy,Election
Today is a great day to exercise.... your #RIGHT to #VOTE! #philly #getoutthevote #election2016‚Ä¶ https://t.co/42oRvorjVs,11/8/2016 12:18,40.73424501,-75.61904419,38.67188361,positive,Joy,Election
TMW you realize every vote really does matter. (BTW not a photo of me) #PleaseVote #Election2016‚Ä¶ https://t.co/cSDLVPTzRc,11/8/2016 12:20,41.8369,-87.6844,2.315120175,positive,Joy,Election
"To all members of congress...if you want to get things done,you must work together and be willing to compromise,meaning NO MORE GRIDLOCK!",11/8/2016 12:20,40.7,-73.95,4.491501939,positive,Fear,Election
This sign was at my polling place and sums up why I would never vote democrat. The biggest con‚Ä¶ https://t.co/UitusIB6Fu,11/8/2016 12:23,40.76232,-73.96865,19.71547723,positive,Joy,Hillary
This is my cousin! https://t.co/oGPWMxCS4R,11/8/2016 12:25,37.640941,-77.54729069,2.315120175,positive,Sadness,Election
This is for my girls. All around the world. Stand up and be heard. üôåüèªüí™üèªüá∫üá∏üíÉüèº #election2016‚Ä¶ https://t.co/27Kt7lzljE,11/8/2016 12:27,34.5496054,-87.0084586,38.67188361,positive,Joy,Election
This #babyfeminist and I are currently waiting in line to #vote. #imwithher #election2016‚Ä¶ https://t.co/jZMRpEQZwt,11/8/2016 12:28,37.62836275,-77.33691587,2.315120175,positive,Anger,Hillary
These two awesome people already went to vote! #election2016üá∫üá∏ Vayan a votar!!! #clinton2016 @‚Ä¶ https://t.co/b4CU4uj2Ld,11/8/2016 12:29,39.9594499,-82.01645,21.27152655,positive,Fear,Election
There is a line to vote at 6:30 am! #CBSelection #election2016‚Ä¶ https://t.co/Fu0Egrbf59,11/8/2016 12:30,39.9757,-75.2129,2.315120175,positive,Joy,Election
"The tweet with the most impact of the #YourVote2016 Trend, was published by @annie7589: https://t.co/Ok21hGzO0I (101 RTs) #trndnl",11/8/2016 12:31,42.413027,-71.068704,21.27152655,positive,Joy,Election
The couple that votes üá∫üá∏ together! #vote #coupleswhovotetogether #democracy #election2016üá∫üá∏‚Ä¶ https://t.co/h1uSzNZlet,11/8/2016 12:38,38.92230509,-77.04260715,21.27152655,positive,Sadness,Hillary
"The Associated Press calls Maricopa County Sheriff's race for Democrat Paul Penzone, unseating longtime sheriff Joe‚Ä¶ https://t.co/KUfZvpynkk",11/8/2016 12:39,40.71241085,-74.00687921,37.11583429,positive,Fear,Hillary
The ballot is stronger than the bulletüó≥ ‚Ä¢ ‚Ä¢ ‚Ä¢ Tune into WCTV for team coverage on #Election2016‚Ä¶ https://t.co/yBJSVDSBTQ,11/8/2016 12:39,41.88339,-87.64312,2.315120175,positive,Surprise,Election
The @lifeatpurdue voting line runs the length of nearly both corridors at 9:30 AM. #election2016‚Ä¶ https://t.co/kVGiOtisgU,11/8/2016 12:40,39.97749393,-86.07468537,2.315120175,positive,Fear,Election
Taking Paloma to vote was awesome. She knew who WOULDN'T vote for. #bijavotes #election2016‚Ä¶ https://t.co/6A0FrABkQ2,11/8/2016 12:42,36.5832704,-79.43800895,21.27152655,positive,Sadness,Election
"Stop playing games and go vote. #Dab #vote #voteordie #election2016üá∫üá∏ #imwithher @ Canarsie,‚Ä¶ https://t.co/y6iKaV7pJm",11/8/2016 12:45,40.7302,-73.9369,2.315120175,positive,Surprise,Hillary
straight up #austinofficespace #tableausoftware @ One Congress Center https://t.co/Qi9yb6yp4N,11/8/2016 12:45,39.721,-104.95,19.71547723,positive,Surprise,Election
Strong Selfies and Good Lighting for hillaryclinton üá∫üá∏üá∫üá∏üá∫üá∏ #ivoted #vote #election2016‚Ä¶ https://t.co/otJX05XCFF,11/8/2016 12:45,40.7142,-74.0064,37.11583429,positive,Joy,Hillary
"stubbsandwootton
„Éª„Éª„Éª
#Repost stubbsandwootton

Democrat üá∫üá∏‚úÖ @ The Acreage, Florida https://t.co/Eck1vIUROh",11/8/2016 12:45,39.03572712,-77.00527139,19.71547723,positive,Fear,Hillary
"Sound off for us, let us know what you think of the #election2016 #election #president #senate‚Ä¶ https://t.co/QJnu8U88kv",11/8/2016 12:48,39.819541,-86.162878,2.709175096,positive,Joy,Election
So so proud to be exercising my rights today and making my voice be heard.üá∫üá∏ #election2016‚Ä¶ https://t.co/awzqcarz44,11/8/2016 12:50,26.15332985,-80.14041042,38.67188361,positive,Joy,Election
Since I was old enough to vote I‚Äôve been told that a vote for a non democrat or republican is a‚Ä¶ https://t.co/5dMuLoKqdh,11/8/2016 12:51,39.9674229,-82.94758838,19.71547723,positive,Fear,Election
So excited to be voting in #chinese! Just #follow #check ! #Â∏åÊãâË£° #democrat #ÊäïÁ•® #nyc #instadaily‚Ä¶ https://t.co/7ZT2z1gMUy,11/8/2016 12:51,25.79107,-80.13111,57.62828998,positive,Joy,Hillary
So excited we're going to make history!#HillYes #hillaryclinton #hillary2016 #election2016‚Ä¶ https://t.co/TxHrM1ZwMj,11/8/2016 12:51,33.8926574,-84.3228653,21.27152655,positive,Sadness,Hillary
serpentine_man trumpet man democrat @ Just Off The Atchafalaya Basin Bridge https://t.co/5GqhyqtTuF,11/8/2016 12:54,29.62265177,-82.38528474,57.62828998,positive,Joy,Trump
Service and Reward #torchystacos #chorizo #voted #america @ South Congress https://t.co/97jbihXWIV,11/8/2016 12:54,44.96906271,-93.25942674,21.27152655,positive,Sadness,Election
Reporting from the San Francisco Democrat's party tonight for @MeganGoldsby @ VERSO https://t.co/qVUCVvD7wj,11/8/2016 12:58,39.945556,-75.161111,19.71547723,positive,Fear,Hillary
"Republican or democrat, a woman's place is in the house AND senate.‚Ä¶ https://t.co/rDxpxAnypq",11/8/2016 12:58,42.430293,-71.132243,19.71547723,positive,Joy,Election
Republican-turned-independent-turned-Democrat Charlie Crist wins a Florida house seat https://t.co/BLS1UttwQa,11/8/2016 12:58,42.94396931,-87.8766015,37.11583429,positive,Surprise,Election
reveling in the importance of today + missing my (adopted) hometown üíï #election2016‚Ä¶ https://t.co/WMdy6ZnMWa,11/8/2016 12:58,27.42290077,-82.55568324,19.71547723,positive,Fear,Election
"Red or blue, doesn't matter (kinda does) just go vote! #themadious 
.
.
.
.
.
#election2016‚Ä¶ https://t.co/iYO6V3lqeM",11/8/2016 13:00,40.7364,-73.8625,21.27152655,positive,Fear,Election
Read about our trip to Brighton for the UK #Dementia Congress 2016 #UKDC2016  https://t.co/ktljPTHpYM,11/8/2016 13:03,39.09,-77.64,2.315120175,positive,Sadness,Election
"Proud to be a woman (and a democrat) today üá∫üá∏ #imwithher #thefutureisfemale @ Williamsburg,‚Ä¶ https://t.co/OA1mOocUa4",11/8/2016 13:04,40.68343058,-73.87309193,38.67188361,positive,Joy,Hillary
"Proud to be hittin the polls with my girl!
üó£‚ù§üá∫üá∏‚ù§üá∫üá∏‚ù§üá∫üá∏
#Election2016¬† #RockTheVote #KnowYourChoices #KnowYourRights‚Ä¶ https://t.co/F7FOHgGKAY",11/8/2016 13:04,40.7776764,-73.9620538,21.27152655,positive,Joy,Election
Pretty proud of the signs I made for work! ‚úåüèªÔ∏èüá∫üá∏ #imwithher #election2016 #vote #hrc #nastywoman‚Ä¶ https://t.co/6x30eFtZhB,11/8/2016 13:05,41.26885,-72.94551,2.782326842,positive,Joy,Hillary
Positive Energy Tee On Today! #loveislove #election2016üá∫üá∏‚Ä¶ https://t.co/hcLW8wfJIR,11/8/2016 13:06,34.47936891,-82.75018036,19.71547723,positive,Surprise,Election
Post-voting breakfast... #ObligatoryInstagram @ WeWork Congress https://t.co/FApxtVlsio,11/8/2016 13:06,34.08308,-83.90648,2.315120175,positive,Fear,Election
PLEASE GO VOTE TONIGHT BY 8PM!! YOU MAKE ALL THE DIFFERENCE! CONGRESS AND SENATE ARE UP FOR‚Ä¶ https://t.co/wKx5UklqD4,11/8/2016 13:07,30.53773851,-97.68238559,21.27152655,positive,Sadness,Election
Polls are already poppin'... üá∫üá∏Go vote! Exercise your right as a citizen! #govote #election2016‚Ä¶ https://t.co/z2Ba2b4bx6,11/8/2016 13:07,25.8355,-80.19078,19.71547723,positive,Surprise,Election
"Peace and goodwill on this Election Day AND BEYOND. üá∫üá∏
#usa #electionday #election2016 #peace‚Ä¶ https://t.co/Tlj4jQKFOa",11/8/2016 13:09,39.952181,-75.146369,2.63602335,positive,Fear,Election
Pantsuits for #President üá∫üá∏#vote #pantsuitnation #nastywoman #VoteAgainstHate #election2016‚Ä¶ https://t.co/5uqTXg7BcP,11/8/2016 13:10,38.9018523,-76.9963921,2.315120175,positive,Joy,Election
"Passed by Congress June 4, 1919, and ratified on August 18, 1920,‚Ä¶ https://t.co/E8KE6FgqAC",11/8/2016 13:10,42.2726359,-85.5718184,2.315120175,positive,Fear,Election
"On this day, 100 years ago, the first women was voted into Congress.‚Ä¶ https://t.co/Zh2r5mrxXk",11/8/2016 13:12,35.01532606,-82.27687215,2.315120175,positive,Joy,Election
Orientation time. #Nitzavim #election2016üá∫üá∏ @ Greater Antioch‚Ä¶ https://t.co/yQOUxeKSNf,11/8/2016 13:12,42.8098849,-96.2689342,2.315120175,positive,Fear,Election
Ok everyone! #getoutthereandvote raffle today for the #presidential #election2016‚Ä¶ https://t.co/Tp8OnOudbk,11/8/2016 13:14,40.75691,-73.97388,2.315120175,positive,Fear,Election
Off to the polls to add my #electionday photo for today's fiveminutejournal entry. #election2016‚Ä¶ https://t.co/s1whkhzJZL,11/8/2016 13:15,42.07132705,-80.1343792,2.315120175,positive,Joy,Election
Obligatory I'm with Emma voting picture. #notabully #pitbull #election2016‚Ä¶ https://t.co/bFdfTlZfbt,11/8/2016 13:17,42.1285393,-70.9162016,21.27152655,positive,Fear,Election
"Obama said Don't boo, vote! so I voted with my boo üòòüòòüá∫üá∏üá∫üá∏

#columbus #voting #election2016‚Ä¶ https://t.co/jwkTNRTAcq",11/8/2016 13:18,45.2609,-93.4426,2.315120175,positive,Fear,Election
O'Rourke wins third term in U.S. Congress https://t.co/24l4vzwD8H,11/8/2016 13:18,41.09400776,-73.42056196,2.315120175,positive,Joy,Election
O yes! Today s election day is perfect to enjoy a nice lunch at the bistro #election2016‚Ä¶ https://t.co/mf3vMztIm9,11/8/2016 13:19,41.871,-87.659,3.600338517,positive,Fear,Election
Not democrat. Not republican. AMERICAN #ivoted #vegas #lasvegas @ Louis Wiener Jr Elementary School https://t.co/4KhH5diI6o,11/8/2016 13:21,34.01613912,-80.40158488,19.71547723,positive,Fear,Election
"No matter what happens today, we're still #TeamUSA 

Keep it's classy, America. 

#election2016‚Ä¶ https://t.co/3HdTFK2fY5",11/8/2016 13:22,40.67833,-73.96574,2.315120175,positive,Fear,Election
"no no no
#barackobama #president #donaldtrump #democrat #hilaryclinton #anime #otaku‚Ä¶ https://t.co/e5ktQybqXM",11/8/2016 13:22,33.49075,-112.68832,19.71547723,positive,Anger,Trump
Newsroom kitties! Check out https://t.co/cErIQOyMr1 later for more. @ Arkansas Democrat-Gazette Style https://t.co/t2As6BIFp9,11/8/2016 13:25,37.2344,-76.5098,19.71547723,positive,Joy,Hillary
Never been prouder #voted #election2016üá∫üá∏ #imwithher @ Greenwich Town Hall https://t.co/mhILCqFbst,11/8/2016 13:26,39.04613,-77.42762,2.315120175,positive,Fear,Hillary
My vote is in! ‚úÖ #GoVote -#ElectionDay #2016 #ImWithHER #Democrat #BeTheChangeYouWantToSee @‚Ä¶ https://t.co/l66CELD1e7,11/8/2016 13:28,28.52300147,-81.34678618,19.71547723,positive,Fear,Hillary
"My vote, My voice.... Democrat Party always... @ Washington, Indianapolis, Indiana https://t.co/odpPFg78FC",11/8/2016 13:28,40.72652,-74.00545,19.71547723,positive,Joy,Hillary
My family has one sign in our front yard and it is for this great man. It isn't about Democrat‚Ä¶ https://t.co/v2G8IYor0r,11/8/2016 13:30,39.92906607,-75.17025755,21.27152655,positive,Joy,Hillary
My favorite sticker in the world. #ivoted #imwithher #election2016 @ Saigon Maxim https://t.co/XmMd8ANesp,11/8/2016 13:30,41.07,-73.89111111,2.782326842,positive,Fear,Hillary
"my friend king71896 wants to know lol
#obamaphone #barackobama #president #donaldtrump #democrat‚Ä¶ https://t.co/ggPqlq17EW",11/8/2016 13:30,39.95387478,-75.16724886,57.62828998,positive,Anger,Trump
Most important thing I will do today! #GOTMFV #election2016üá∫üá∏ #imwithherüá∫üá∏ #GoVote #ivotedüá∫üá∏ @‚Ä¶ https://t.co/KyiQ8IMeBC,11/8/2016 13:31,34.10150824,-118.3269355,38.67188361,positive,Fear,Hillary
Morning sky this morning in #barnesvillega #lamarcountyga #countrysky #üá∫üá∏ #election2016‚Ä¶ https://t.co/N0P2mUgba8,11/8/2016 13:32,37.4136,-76.5258,2.315120175,positive,Joy,Election
May the odds be ever in her favor. #vote #pantsuitnation #usa #rightsideofhistory #election2016‚Ä¶ https://t.co/SHUGFFsXtT,11/8/2016 13:34,33.59313745,-86.49458885,56.07224067,positive,Fear,Election
"Lucky 76. This P*ssy has just grabbed back. Go, and do your civic duty. #vote #election2016‚Ä¶ https://t.co/fdkzDiKUum",11/8/2016 13:37,40.81571,-73.93445,57.62828998,positive,Joy,Election
Ma√±ana √©l futuro del #Mundo estar√° en manos de la poblaci√≥n estadounidense... #election2016‚Ä¶ https://t.co/bWhoCQ8wRj,11/8/2016 13:37,25.7651564,-80.1934132,2.315120175,positive,Anger,Election
"lmao #barack going in
#barackobama #president #donaldtrump #democrat #hilaryclinton #anime‚Ä¶ https://t.co/1JJJoFtQfe",11/8/2016 13:40,40.763186,-73.994508,19.71547723,positive,Anger,Trump
Life is great with good coffee after voting! @ Congress Cafe https://t.co/imODbdliS1,11/8/2016 13:41,42.1306,-70.9167,38.67188361,positive,Joy,Election
Lines are already forming at my polling place #election2016üá∫üá∏ @ Town of Elgin https://t.co/cCU9itZDcr,11/8/2016 13:41,34.218,-80.9846,2.315120175,positive,Fear,Election
"Let's make history again today people! #imwithher #ivoted #mailedit @ South Congress, Austin, Texas https://t.co/UhHMZPLJAt",11/8/2016 13:43,42.9047,-78.8494,2.315120175,positive,Joy,Hillary
"Leaders don't always Lead, so be mindful who you choose. #ElectionDay #election2016‚Ä¶ https://t.co/h56ZkTRHh1",11/8/2016 13:45,27.79,-82.638333,38.67188361,positive,Anger,Election
Lemony squeezies #tothemulliesindenver #foodrevolution #cookwithkids #ouchmyfingers @ Congress‚Ä¶ https://t.co/6nKwwMvx5C,11/8/2016 13:45,37.96943952,-87.52647127,2.315120175,positive,Anger,Election
Keep stillness inside of you. Be still and know that I am God. #psalm4610 #election2016‚Ä¶ https://t.co/4LOpcNnqcn,11/8/2016 13:47,38.6719044,-77.259784,21.27152655,positive,Sadness,Election
"Just heard a lady say had a hard time with the propositions, but the candidates it was easy - Democrat Democrat Democrat Democrat #Winning",11/8/2016 13:50,38.889722,-77.011111,2.844072198,positive,Fear,Hillary
Just posted a photo @ The Library of Congress https://t.co/VGLvcYOtTg,11/8/2016 13:50,41.529922,-81.582248,21.27152655,positive,Fear,Election
"Just did a thing #liberal #democrat #nottrump üëçüá∫üá∏üòÅ @ Edina, Minneapolis, Minnesota https://t.co/O9WZHFRKah",11/8/2016 13:51,40.75604431,-74.25305366,56.07224067,positive,Surprise,Trump
Just a friendly reminder to take the time to exercise your civil liberties!  #election2016üá∫üá∏‚Ä¶ https://t.co/mXaiGs6RFb,11/8/2016 13:52,40.74884224,-73.99980845,57.62828998,positive,Joy,Election
It‚Äôs times like these I‚Äôm really happy that all of twitter is archived in the Library of Congress. Some future dude is gonna learn a lot.,11/8/2016 13:53,40.7142,-74.0064,40.22793292,positive,Surprise,Election
It's your right...Do it!!! #ivotedtoday #yourvoteyourvoice #govote #electionday #election2016‚Ä¶ https://t.co/aBAYTXnRBr,11/8/2016 13:54,40.4553927,-79.9759604,19.71547723,positive,Joy,Election
It's my right to vote.  It's my privilege.  This is my reward.  #ivoteforthinmints #election2016‚Ä¶ https://t.co/i2k6uTJZsv,11/8/2016 13:56,39.85432,-86.15925,57.62828998,positive,Fear,Election
It's The End Of The üåé!!! #imwithher #berniesanders #hillaryclinton #democrat #independent #la‚Ä¶ https://t.co/FJB7EyZdUy,11/8/2016 13:56,40.7142,-74.0064,37.11583429,positive,Surprise,Hillary
It's a great day to #govote! #strongertogether #imwithher #werewithher #election2016‚Ä¶ https://t.co/C2MHWiN98b,11/8/2016 13:58,36.2962418,-76.2407684,21.27152655,positive,Joy,Hillary
"It's #ElectionDay.  Make sure you #Vote today.  #election2016üá∫üá∏ @ Los Angeles, California https://t.co/FugGPHbkJ4",11/8/2016 13:59,40.94019,-73.75634,21.27152655,positive,Sadness,Election
"It's a civic duty &amp; a privilege! #govote #election2016üá∫üá∏ @ Wilson Law, P.A. https://t.co/hW5gWRkwP4",11/8/2016 13:59,25.7684723,-80.1330169,21.27152655,positive,Surprise,Election
"It looks like she's going for it. #imwithher #ivoted

#vote #nov8 #electionday #election2016‚Ä¶ https://t.co/eHgnVxjYtz",11/8/2016 14:01,34.0926,-81.1861,40.22793292,positive,Surprise,Hillary
Isn't that The truth! #TravelWithPurpose #electionday #election2016üá∫üá∏ @ Rockefeller Center https://t.co/ye6DadtKHV,11/8/2016 14:02,33.04655,-84.17942,21.27152655,positive,Surprise,Election
"It doesn't matter if you're black or white,  gay or straight,  tall or short,  democrat or‚Ä¶ https://t.co/pa10Al9xhp",11/8/2016 14:02,34.0006,-81.0442,2.76514693,positive,Joy,Hillary
"In high school I was president of the Young Republicans. I‚Äôve never voted for a Democrat. 

Until today. 
Straight ticket. 
#ElectionDay",11/8/2016 14:05,42.29976926,-83.48796733,37.11583429,positive,Fear,Election
In line at my polling place. Let's do this. #pantsuitnationüá∫üá∏ #votingday2016 #election2016‚Ä¶ https://t.co/Kcq20wNYiA,11/8/2016 14:05,43.08455104,-88.03034752,2.315120175,positive,Anger,Election
"Im a Democrat... for the people, by the people. Im with us.
#strongertogether #hillaryclinton‚Ä¶ https://t.co/rAzfDO0MHk",11/8/2016 14:06,40.7419,-73.9858,19.71547723,positive,Joy,Hillary
"im so üíÄüíÄüíÄ
#102 #barackobama #president #donaldtrump #democrat #hilaryclinton #anime #otaku‚Ä¶ https://t.co/K0Nn5nvZoZ",11/8/2016 14:06,26.7151,-80.0394,19.71547723,positive,Joy,Trump
"In a world where we beat each other up over left, right, democrat, republican, who we can love,‚Ä¶ https://t.co/jDLQOJ9TPW",11/8/2016 14:06,42.92424,-71.18584,4.418350192,positive,Joy,Election
If you want to #protect your #liberty there is only one #choice #today #election #election2016!‚Ä¶ https://t.co/VsDK0zndyH,11/8/2016 14:07,40.64041667,-73.96208333,2.709175096,positive,Fear,Election
"If someone posts that they voted, nine times out of ten ten, they're a Democrat.",11/8/2016 14:08,36.175,-115.136,19.71547723,positive,Fear,Hillary
I've never been so happy and proud to stand on line! #election2016 #harlemvotes #election2016‚Ä¶ https://t.co/AAIhkDg0dz,11/8/2016 14:08,33.19533,-87.54022,2.709175096,positive,Fear,Election
I'm all decked out in #BLUE! DON'T BOO- #VOTE!!! #imwithherüá∫üá∏ #democrat‚Ä¶ https://t.co/EwS7a6d9wW,11/8/2016 14:11,40.7142,-74.0064,2.315120175,positive,Joy,Hillary
I was out earlier for johnpmcneil for Congress &amp;‚Ä¶ https://t.co/ZjKtrkLuX7,11/8/2016 14:12,46.1063677,-86.2504511,2.315120175,positive,Joy,Election
I'll just leave it that... No comment needed. #Vote #Republican #Democrat #Election2016‚Ä¶ https://t.co/1I3x5itILr,11/8/2016 14:12,39.9643687,-75.0722942,38.67188361,positive,Joy,Election
I'm a #Realtor and I voted. #MyVote counts.. It's time to take back Congress because #ImWithHer‚Ä¶ https://t.co/T16cJnBHBr,11/8/2016 14:12,33.00482608,-80.04791577,19.71547723,positive,Fear,Hillary
I voted....did you? @ Congress Heights https://t.co/73wIJ8d382,11/8/2016 14:13,41.9796,-87.6701,2.315120175,positive,Fear,Election
I voted! Its your turn my friends! Go out and vote! #Democrat #ImWithHer #DontBoo #Vote @ New‚Ä¶ https://t.co/C1Y5meLk69,11/8/2016 14:15,40.2558259,-74.96092203,37.11583429,positive,Joy,Hillary
"I Voted, do you?
.
.
.
#vote #hillaryclinton #elections #democrat #clinton #democrats #politics‚Ä¶ https://t.co/K566b9PFMK",11/8/2016 14:20,42.04026694,-93.88079686,19.71547723,positive,Surprise,Hillary
"I voted, go vote! #ivoted #american #letsmakehistory #utah #democrat #femalepresident #notrump‚Ä¶ https://t.co/zWx89XY6Zc",11/8/2016 14:20,40.7719,-73.9306,19.71547723,positive,Surprise,Trump
I voted for more lattes. #election2016üá∫üá∏ @ The Gallery Espresso https://t.co/iPM9KjbKVi,11/8/2016 14:22,41.25270198,-95.95219748,2.315120175,positive,Joy,Election
I voted ... it's official! #voted #mypart #dontforgettovote #election2016üá∫üá∏ @ Village of West‚Ä¶ https://t.co/2wWWHDATqF,11/8/2016 14:25,30.48335272,-97.83166344,2.315120175,positive,Joy,Election
"I usually #vote across #party lines, but today I #voted straight #democrat ticket because of the‚Ä¶ https://t.co/6q0bxSZSFL",11/8/2016 14:26,40.75688757,-73.9861013,37.11583429,positive,Surprise,Hillary
I know I voted #imwithher #nevertrump #DitaVodka #WtfFridays #Ca #cadems #democrat #democracy‚Ä¶ https://t.co/n3mrEIY0zB,11/8/2016 14:28,40.4414,-79.9773,38.67188361,positive,Fear,Hillary
"I love sitting at your #familytable katieheppe danheppe #tothemulliesindenver @ Congress Park,‚Ä¶ https://t.co/HHm1BulaYr",11/8/2016 14:28,43.13414858,-77.61433477,21.27152655,positive,Joy,Election
I may not have a voting member in Congress but we have 3 electoral votes!!! In my best pantsuit‚Ä¶ https://t.co/Q3m38IYjcM,11/8/2016 14:28,42.48133382,-83.23899248,21.27152655,positive,Joy,Election
I just #rockedthatvote2016 #merica #myvotecounts #vote #election2016‚Ä¶ https://t.co/dBdoYC1i10,11/8/2016 14:29,41.29318889,-82.22258026,21.27152655,positive,Sadness,Election
"I exercised this morning. My right to vote, that is. #election2016‚Ä¶ https://t.co/nGU8AvlKvL",11/8/2016 14:30,39.95338,-83.01472,19.71547723,positive,Anger,Election
"I don't care if you're a Republican, Democrat, Independent, bald‚Ä¶ https://t.co/gmOHgqpuAg",11/8/2016 14:31,33.99200411,-80.99189464,54.51619135,positive,Anger,Election
"I did it, you can do it!! PA, you have until 8pm to #vote #votetoday #voting #election2016‚Ä¶ https://t.co/kVfth7y7TJ",11/8/2016 14:32,40.68972222,-73.96527778,2.315120175,positive,Sadness,Election
I cant believe that i voted for that scumbag.#electionday #ivoted #wedeservebetter #election2016‚Ä¶ https://t.co/tuPlIGxdg1,11/8/2016 14:33,42.965,-78.8717,2.315120175,positive,Joy,Election
https://t.co/H8uA6iKj0w #art #magick #meditation #reading #okc #ontheroad #election2016‚Ä¶ https://t.co/fJFg1rWpAl,11/8/2016 14:35,38.07195101,-78.48246984,2.315120175,positive,Surprise,Election
https://t.co/TgQXFsMPE5. We work on Republican and Democrat and Independent locks and keys! @ Locksmith‚Ä¶ https://t.co/qtZ9DGkLz7,11/8/2016 14:35,32.782843,-96.790545,56.07224067,positive,Joy,Election
"I | voted | Did you? #ImWithHer #2016

___

#atlanta #vote #hilaryclinton #democrat #obama‚Ä¶ https://t.co/MuAKiMXopq",11/8/2016 14:35,39.92326383,-75.17294146,19.71547723,positive,Fear,Hillary
"How about you, have you voted yet today? #bestgiftideaever #bgie #letterart #vote #election2016‚Ä¶ https://t.co/3zLWT5HBwd",11/8/2016 14:36,40.81881,-73.97747,2.315120175,positive,Fear,Election
How both candidates make me feel. üôÑ #ivoted #election2016üá∫üá∏ #godsavethequeen @ Lee County‚Ä¶ https://t.co/JE7PCKY2RH,11/8/2016 14:36,43.6651,-70.2691,2.315120175,positive,Surprise,Election
Hillz yeah I'm wearing my white pant suit today #election2016‚Ä¶ https://t.co/yNymEF98Nc,11/8/2016 14:38,38.8951,-77.0367,37.11583429,positive,Sadness,Election
"He's a one issue voter and that issue is:

Who will give me the most kibble?

#election2016‚Ä¶ https://t.co/5hkFYSLR9A",11/8/2016 14:41,36.1621,-86.77872,21.27152655,positive,Fear,Election
"He says he voted a straight democrat ticket, excepting Dog Catcher, for which he wrote in, Go‚Ä¶ https://t.co/gAMWIDWlnp",11/8/2016 14:42,32.82147141,-96.75191009,37.11583429,positive,Joy,Hillary
Had to start the day in my happy place... Cause it's all down hill from here! #election2016‚Ä¶ https://t.co/4FCz1l4cB5,11/8/2016 14:47,40.80903333,-73.94837222,21.27152655,positive,Fear,Election
Gracie the #girl #bostonterrier #voted #democrat for #hillaryclinton for #president in #chicago‚Ä¶ https://t.co/GH4i2fIfxS,11/8/2016 14:48,40.7142,-74.0064,19.71547723,positive,Joy,Hillary
Great to see the amazing Fran Ryan! She is an amazing Democrat and an amazing leader in our‚Ä¶ https://t.co/jKIQ7izUIk,11/8/2016 14:48,32.81346,-96.70943,57.62828998,positive,Joy,Hillary
GOOD MORNING!! Go out and Vote !!! #makeadifference #vote #democracy #democrat #USA #newyorker @‚Ä¶ https://t.co/0i4rNqeiDv,11/8/2016 14:52,38.926672,-77.036648,54.51619135,positive,Joy,Hillary
"Go Vote! #vote #election2016üá∫üá∏ #USA @ Laurens County, Georgia https://t.co/YEIvz0jFbB",11/8/2016 14:56,29.92043,-90.1032199,19.71547723,positive,Fear,Election
Go VOTE today!  The polls are open from 7:00 am to 7:00 pm.  #pauldingsheriff #election2016üá∫üá∏‚Ä¶ https://t.co/r9Jp3d2ov1,11/8/2016 14:58,33.87785861,-117.5762168,19.71547723,positive,Joy,Election
Go Out &amp; Vote People‚ùóÔ∏èüá∫üá∏ü§òüèΩ #Democrat #ImWithHER @ Schenectady High‚Ä¶ https://t.co/JE67KwXz2R,11/8/2016 14:59,40.71537,-73.95697,19.71547723,positive,Anger,Hillary
Getting ready to vote!!!#teatime #tea #pgtips @pgtips #voteamerica #rockthevote #election2016‚Ä¶ https://t.co/NeW5Hew0r7,11/8/2016 15:00,40.76916667,-73.96555556,19.71547723,positive,Joy,Election
Getting ready! #nitzavim #election2016üá∫üá∏ @ Greater Antioch Baptist‚Ä¶ https://t.co/6ZKi88sI8Z,11/8/2016 15:00,40.76244,-73.9796999,19.71547723,positive,Joy,Election
Getting ready!!! #ivoted2016 #election2016üá∫üá∏ @ Squires Elementary School https://t.co/OSR0Y64ji8,11/8/2016 15:00,34.0522,-118.243,19.71547723,positive,Joy,Election
"Getting ready, Rambo style. Let's do this! BooYaaaah!!! #imwithher #vote #election2016‚Ä¶ https://t.co/pfVkx3pPrR",11/8/2016 15:00,40.7719,-73.9306,19.71547723,positive,Fear,Hillary
Gent in the window rocking that casual presidential fit. Salute #windowgent #election2016‚Ä¶ https://t.co/ycMhWis8nh,11/8/2016 15:09,44.4618645,-87.9534385,2.922997465,positive,Joy,Election
"From 3 weeks ago. #imwithher #election2016üá∫üá∏ @ Ocean Beach, San‚Ä¶ https://t.co/upkp7nAjZA",11/8/2016 15:10,33.4542,-112.315,2.315120175,positive,Joy,Hillary
"Flying out of Idaho, wearing my #imwithher shirt. Cause I'm a daredevil like that. #election2016‚Ä¶ https://t.co/JJN7132PP7",11/8/2016 15:12,40.8193972,-73.9372797,21.27152655,positive,Joy,Hillary
Finally got a selfie with the boss #CongressionalSelfie #BettyIsTheBest @ Betty McCollum Congress https://t.co/tKYwyctvHS,11/8/2016 15:13,40.72215,-73.9888,2.315120175,positive,Joy,Election
Feeling like a #realamerican #vote #imwithher  #politics  #memes  #election2016‚Ä¶ https://t.co/OWaEESRu0w,11/8/2016 15:14,40.79504,-73.97363,21.27152655,positive,Fear,Hillary
"Exercising my right to vote, surrounded by the awesome diversity of America (which is already great) #election2016 https://t.co/tXM6EQJj7h",11/8/2016 15:15,40.20903278,-74.82767913,2.709175096,positive,Joy,Election
Especially with a Republican controlled Congress. Oof.,11/8/2016 15:17,38.2150222,-89.9967049,21.27152655,positive,Anger,Trump
Everyone can be a superhero today. Go vote! Be like reallyndacarter #vote #election2016‚Ä¶ https://t.co/k3ztcanf2d,11/8/2016 15:17,34.1055043,-118.2911685,21.27152655,positive,Sadness,Election
"ELECTION2016: Hillary Clinton wins Massachusetts, state goes for Democrat in 8th straight presidential election.‚Ä¶ https://t.co/CNvc2aE8Bp",11/8/2016 15:18,39.95169589,-75.19429319,2.63602335,positive,Sadness,Hillary
üá∫üá∏Let Freedom Reignüá∫üá∏#vote #naugatuck #connecticut #startthedayright #election2016‚Ä¶ https://t.co/GsrE2UtDXJ,11/8/2016 15:22,32.50841312,-84.97920005,19.71547723,positive,Fear,Election
üá∫üá∏VOTE! PROTECT YOUR FREEDOMS AND LIBERTIES! üá∫üá∏#imwithher #democracy #democrat #gayboy #instagay‚Ä¶ https://t.co/7XE1lug0Tb,11/8/2016 15:22,40.78505,-73.94969,54.51619135,positive,Anger,Hillary
"üôÑ
#Beyonce #Hillary #HillaryClinton #Democrat #Democrats #Clinton #HTown #Houston #Screwston‚Ä¶ https://t.co/QRWsW0yzJk",11/8/2016 15:22,36.019352,-84.2346344,19.71547723,positive,Sadness,Hillary
üá∫üá∏üåÆüá∫üá∏üåÆ #currentmood #republican #democrat #electionday #tacotuesday #merica #decisionsdecisions‚Ä¶ https://t.co/7jDvKJh7Ou,11/8/2016 15:23,39.95328,-75.17377,19.71547723,positive,Surprise,Election
"üá∫üá∏ VOTE! üá∫üá∏

For Today The Fate Of The Free World Rests  In Your Hands!

#Vote #Election2016‚Ä¶ https://t.co/jjo9SlRUcZ",11/8/2016 15:24,40,-100,57.62828998,positive,Fear,Election
"üíÄüíÄüíÄ
#barackobama #president #donaldtrump #democrat #hilaryclinton #anime #otaku‚Ä¶ https://t.co/r4ayRL9MsN",11/8/2016 15:26,34.04303,-118.33968,19.71547723,positive,Joy,Trump
üòà‚úùÔ∏è‚úùÔ∏è‚úùÔ∏èüòà @ United States Congress https://t.co/b3pYQ9OEYr,11/8/2016 15:27,38.71392,-121.2905149,2.315120175,positive,Anger,Election
"üòÑ #vote #democrat #2016 #imwithher #govote #hillaryclinton ‚úåüèºÔ∏è @ Diamond Springs, California https://t.co/YdUNgqF5sR",11/8/2016 15:27,39.18979,-106.81798,19.71547723,positive,Joy,Hillary
üòçüòÇüëçüèª https://t.co/XzvJLW9xvq,11/8/2016 15:27,36.0009,-78.91125,2.315120175,positive,Fear,Election
üëÄüëÄüëÄ don't be that person...LOL #imwithher #electionday #votingwhileblack #democrat #easilyamused‚Ä¶ https://t.co/N2RLVG69Nn,11/8/2016 15:27,38.57782268,-90.28387151,19.71547723,positive,Sadness,Hillary
Drinking a Congress Street IPA by @trilliumbrewing @ Centre Square Park ‚Äî https://t.co/3NRggRKtp2 #photo,11/8/2016 15:29,34.0522,-118.243,21.27152655,positive,Sadness,Election
Download the @7eleven app and get a free patriotic #Coffee üòéüëçüá∫üá∏ #vote #democrat #republican‚Ä¶ https://t.co/x49TWkIBtU,11/8/2016 15:30,40.86744444,-73.92150833,2.63602335,positive,Anger,Election
Done! Now let's see which congressional candidates and judges are out of office. #election2016‚Ä¶ https://t.co/ItzS3iE9bo,11/8/2016 15:31,39.9192,-75.4919,2.315120175,positive,Fear,Election
Don't let any body decide for your future #ElectionDay #Election2016‚Ä¶ https://t.co/J61qEvi1oz,11/8/2016 15:34,34.06186,-84.501605,2.315120175,positive,Fear,Election
Do the thing!! #IVoted #election2016üá∫üá∏ @ South Kilbourne Elementary https://t.co/8J94zLR9Hw,11/8/2016 15:40,39.71276,-75.65003,2.315120175,positive,Anger,Election
Did our part...make sure you do yours! #election2016 @ Berrien County Youth Fair https://t.co/u53TrDqgYc,11/8/2016 15:41,33.87049177,-84.33591447,2.63602335,positive,Joy,Election
"Didn't vote for the Democrat, but I think it all worked out the same...

#election2016‚Ä¶ https://t.co/yDQd5Wq5Fg",11/8/2016 15:41,25.7877,-80.2241,38.67188361,positive,Sadness,Hillary
Difference of opinions- but we still keep the peace! #election2016‚Ä¶ https://t.co/5fFO51DcJM,11/8/2016 15:41,40.821373,-73.9408951,19.71547723,positive,Anger,Election
Democratic Party Leader ‚ù§Ô∏è LOVE!!! #hielections #hawaii #democrat #election2016 #jcc @ Japanese‚Ä¶ https://t.co/55jvu22u7P,11/8/2016 15:44,38.7503204,-90.3089981,2.63602335,positive,Joy,Hillary
Democrat Jim Justice wins governor's race in West Virginia https://t.co/GPpZ71gYyJ,11/8/2016 15:45,38.88652771,-76.99624636,37.11583429,positive,Fear,Hillary
"Democrat KamalaHarris will win California Senaterace, ABC News News projects based on exit polls.‚Ä¶ https://t.co/W3qLodafAZ",11/8/2016 15:45,35.36980646,-119.0443259,38.67188361,positive,Fear,Hillary
"Democrat tie,love my liberal donkeys. #proudliberal #progressive #imwithher #strongertogether‚Ä¶ https://t.co/pdhamNfpZZ",11/8/2016 15:45,38.2750962,-77.49011408,73.47259773,positive,Joy,Hillary
dcwvinc @michaelsstores joann_stores @fiskars_hq It is card seasonüëç#yeahimthatmom #election2016‚Ä¶ https://t.co/JtEqZz551b,11/8/2016 15:48,39.33211197,-76.62964455,2.315120175,positive,Surprise,Election
Couples who vote together stay together... Or something like that! #govote #election2016‚Ä¶ https://t.co/LJm0XiM0qV,11/8/2016 15:49,35.9886,-78.9072,40.22793292,positive,Anger,Election
Dancing Democrat! Everyone go vote today #imwithher üíô @ Drexel University https://t.co/0Q9Dgjd67D,11/8/2016 15:49,39.10373,-84.51267,19.71547723,positive,Sadness,Hillary
Dawn Of The Brain Dead!!! #imwithher #berniesanders #hillaryclinton #democrat #independent #la‚Ä¶ https://t.co/FOnj8BUJ1L,11/8/2016 15:49,38.8951,-77.0367,2.76514693,positive,Joy,Hillary
Control of Congress up for grabs Tuesday https://t.co/KmCla39UVk,11/8/2016 15:51,40.747,-73.986,2.315120175,positive,Anger,Election
Control of Congress up for grabs¬†Tuesday https://t.co/xkfNJMYiGS,11/8/2016 15:51,37.76360925,-122.2438094,2.315120175,positive,Anger,Election
Committed Americans. Nothing will stop us. #election2016üá∫üá∏ @ Uwchlan‚Ä¶ https://t.co/HIP5EaiEh5,11/8/2016 15:52,38.95179,-92.32457,21.27152655,positive,Anger,Election
Control of Congress up for grabs Tuesday - CNN https://t.co/YGPCTMdlaT,11/8/2016 15:52,42.12225948,-88.04672642,2.315120175,positive,Anger,Election
"Citizen McVoterface and her husband, Mr. Civicduty McVoterface.  #wevoted #Election2016‚Ä¶ https://t.co/OwM0hEflOR",11/8/2016 15:55,43.12666,-77.57554,2.315120175,positive,Surprise,Election
Celebrating #election2016üá∫üá∏ with coffee and a breakfast sandwich. #electionday #vote @ Nom-eez https://t.co/3ZVTcRWLAf,11/8/2016 15:56,33.98281963,-81.23848353,2.315120175,positive,Joy,Election
"Cesar's mom, the one who taught us how to be a true Democrat....this is when she worked under‚Ä¶ https://t.co/PFX598i6kB",11/8/2016 15:56,43.09769196,-70.73641663,38.67188361,positive,Surprise,Hillary
Can't silence my voice #ivoted #myvotecounts #beheard #election2016üá∫üá∏ #myvoicemychoice @‚Ä¶ https://t.co/FQOodb9uxg,11/8/2016 15:57,43.16143,-77.44598,2.315120175,positive,Fear,Election
Can't wait to vote tomorrow! #imwithher @colbertlateshow #johnstewart #pam #election2016üá∫üá∏ @ Ed‚Ä¶ https://t.co/JBRTPntaKP,11/8/2016 15:57,42.3544778,-71.0554031,19.71547723,positive,Fear,Hillary
Canvass and calls. @ Bryan Caforio for Congress https://t.co/FEPguTlraw,11/8/2016 15:57,34.08182,-118.38518,2.315120175,positive,Anger,Election
"Captain America is on the streets of Denver! He's a Trump Voter as well! @ Congress Park, Denver https://t.co/LdbDoFnzxH",11/8/2016 15:57,38.5511,-90.5411,38.67188361,positive,Sadness,Trump
"Cause.... Merica 
Go VOTE! 

#vote #electionday #presidential #voting #polls #election2016‚Ä¶ https://t.co/jEbJti9WBQ",11/8/2016 15:57,40.44352026,-79.94945874,2.315120175,positive,Sadness,Election
Bringing some friends to exercise their right to vote!    #election2016üá∫üá∏ #vote... https://t.co/tjO6jtC0yw https://t.co/JB3PjiVw6x,11/8/2016 15:58,37.73388889,-122.4333333,37.11583429,positive,Sadness,Election
Beginning the portrait of president Obama. #paintallday #posteveryhour #vote #election2016‚Ä¶ https://t.co/EDV9hsJ7t5,11/8/2016 16:00,30.17694282,-81.78756331,2.315120175,positive,Joy,Election
"Be apart of the process. Be apart of the solution! Let your voice be heard!

#vote #election2016‚Ä¶ https://t.co/bX8c0hFQM3",11/8/2016 16:02,40,-100,2.315120175,positive,Anger,Election
"Be apart of the process. Be apart of the solution! Let your voice be heard!

#vote #election2016‚Ä¶ https://t.co/OGFELnwLHF",11/8/2016 16:02,38.89733266,-77.03548342,2.315120175,positive,Fear,Election
"Awwwww....I love Election Day!  I am all dressed up in Democrat blue, and I am ready for‚Ä¶ https://t.co/Mif1a8H4gm",11/8/2016 16:03,37.41464477,-88.89639657,2.63602335,positive,Joy,Hillary
Back home! Bringing many new great stories to write about -and ready to vote Democrat. @ Flying‚Ä¶ https://t.co/xO9k7xtPgF,11/8/2016 16:03,38.57389409,-121.4700584,73.47259773,positive,Joy,Hillary
"Back in the heart of Downtown Tucson at Congress &amp; Stone.
#tucson #downtowntucson‚Ä¶ https://t.co/eqyzjWzOYQ",11/8/2016 16:03,41.97,-87.69,37.11583429,positive,Joy,Election
At our polling station in a healthy line that has a lot of younger voters in it. #election2016‚Ä¶ https://t.co/ZJ4SOeDK8h,11/8/2016 16:04,43.2298404,-77.6259656,19.71547723,positive,Sadness,Election
‚úîüòéüëç VOTED!  I wore this special color for a reason!  üòâ #election2016 #myvoiceisbeingheard‚Ä¶ https://t.co/CSS7oX88bW,11/8/2016 16:06,34.10150824,-118.3269355,2.562871604,positive,Surprise,Election
"‚úîÔ∏è #IVoted¬† #Election2016¬† (@ 111 Centre New York City Supreme Court in New York, NY) https://t.co/gxqYpNETWk",11/8/2016 16:06,34.09747271,-118.2942535,40.22793292,positive,Joy,Election
Are you attending the Color Breed Congress? We have an amazing selection of inventory on display‚Ä¶ https://t.co/bbRq01qfBU,11/8/2016 16:06,40.7451266,-73.9871642,38.67188361,positive,Joy,Election
And now we pray..... #ivoted #yovote #imhappilyandwholeheartedlywithher #fdt #election2016‚Ä¶ https://t.co/R9BE1aXVhT,11/8/2016 16:07,33.79253,-84.3976249,2.315120175,positive,Fear,Election
"Also, you‚Äôre a moron if you think a third party vote takes away a vote from republican or democrat.",11/8/2016 16:10,33.87233721,-84.36863946,38.67188361,positive,Anger,Election
All voted. #election2016üá∫üá∏ @ Alexandria Public Library: Beatley Branch https://t.co/OL7rB5zljw,11/8/2016 16:11,40.2988,-111.696,2.315120175,positive,Sadness,Election
After dealing with the unorganized cluster-f*** at the polling place.... #ivoted #election2016‚Ä¶ https://t.co/vbbyqTscTx,11/8/2016 16:12,38.93440984,-76.9656711,2.315120175,positive,Anger,Election
"#WhoUwith ‚ùì#HilaryClinton #Democrat #VOTE @ Charlotte, North Carolina https://t.co/yzaCHUThr6",11/8/2016 16:15,41.75867422,-72.74189882,19.71547723,positive,Sadness,Hillary
~Hoopla~ Today Is The Day We Make History! I'm with Her......#hillary #election2016üá∫üá∏ #GoVote‚Ä¶ https://t.co/jd0ARzRyfr,11/8/2016 16:15,38.8951,-77.0367,2.315120175,positive,Joy,Hillary
A #donaldtrump supporter waves a flag in an I-95 South overpass in Virginia.  #election2016‚Ä¶ https://t.co/avaIzqjqEp,11/8/2016 16:15,34.10355,-118.30867,21.27152655,positive,Sadness,Trump
#walk to #work was #grand on this #election2016 #day .. #even in a #city that's so crowded‚Ä¶ https://t.co/TqcvsMYY33,11/8/2016 16:17,36.165,-86.78388889,2.63602335,positive,Sadness,Election
#votehillary #hillaryclinton #hillaryforpresident #saynotodonaldtrump #hillaryclinton #democrat‚Ä¶ https://t.co/Shl0xY7xOO,11/8/2016 16:18,41.7117917,-71.88091656,2.315120175,positive,Joy,Hillary
#votedhillary2016 #hillaryclinton #democrat üëç Done ‚úÖ @ L J Hauser Jr High School https://t.co/pzz5HfcDuM,11/8/2016 16:19,40.5614,-74.12448,19.71547723,positive,Surprise,Hillary
#Voted #GoVote #ImWithHer #Democrat @ Bayside Church of Midtown https://t.co/7y9Wv4dogd,11/8/2016 16:20,40.668889,-73.976389,19.71547723,positive,Surprise,Hillary
#voted #vote #democrat  #imwithher @ North Star Academy Vailsburg Campus https://t.co/upqgEFCcyE,11/8/2016 16:20,37.98029473,-122.5114092,38.67188361,positive,Sadness,Hillary
#vote2016 #election2016üá∫üá∏ @ Tehillah Ministries https://t.co/JyDOJm7nU6,11/8/2016 16:22,40.7142,-74.0064,2.315120175,positive,Anger,Election
#Vote #election2016üá∫üá∏ #instagay @ The United States of America https://t.co/Us7pQYsuKe,11/8/2016 16:25,43.05488,-76.13234,2.315120175,positive,Sadness,Election
"#vote #dem #fayetteville #polls #voted #democrat @ Fayetteville, North Carolina https://t.co/Xu1JsfgOUC",11/8/2016 16:28,40.7142,-74.0064,19.71547723,positive,Sadness,Hillary
#SenatorElect #KamalaHarris #victory #speech @kamalaharris #Senator #Congress #Senate #USSenate‚Ä¶ https://t.co/gbXsSIsbO5,11/8/2016 16:31,34.09803342,-118.3423047,19.71547723,positive,Fear,Election
#proudtobeanamerican #vote #imwithher #usa #electionday #la #hillaryclinton #democrat #millenial‚Ä¶ https://t.co/oJytoQUd4w,11/8/2016 16:32,40,-100,37.11583429,positive,Joy,Hillary
#republican #democrat @ Moriarty NM I-40w https://t.co/zZc3NU9Rx6,11/8/2016 16:32,43.573037,-116.593458,19.71547723,positive,Joy,Election
#nopolitical #democrat #republican #trump #hillaryclinton‚Ä¶ https://t.co/SgwFAZFaFz,11/8/2016 16:33,36.1313,-95.9373,38.67188361,positive,Anger,Hillary
"#NoShaveNovember, day 8.

#TIL the 114th #Congress passed the‚Ä¶ https://t.co/sbqRgVZmdv",11/8/2016 16:33,34.0648094,-118.3947474,2.315120175,positive,Joy,Election
#MyVote officially in. It's about so much more than just president. #Congress needs to let my‚Ä¶ https://t.co/uaCewifXBX,11/8/2016 16:34,33.36246339,-112.0878007,21.27152655,positive,Fear,Election
"#MyVoteMatters‚ÄºÔ∏è #iVotedüèÜ #DidYou‚ùì #Election2016üá∫üá∏ @ Chicago, Illinois https://t.co/oWyC24UUNd",11/8/2016 16:34,29.14200692,-81.01424701,2.315120175,positive,Surprise,Election
"#muro #political #whitehouse #democracy #democrat #vote @ Miami, Florida https://t.co/ahzKVJXbNI",11/8/2016 16:36,40.7142,-74.0064,19.71547723,positive,Sadness,Hillary
"#mybuddyandme 
#election2016üá∫üá∏ 
#startemyoung @ Town of Brighton,‚Ä¶ https://t.co/TMsDYNluIZ",11/8/2016 16:36,40.69665974,-73.83934881,2.315120175,positive,Joy,Election
#myvote #electionday2016 #üá∫üá∏ #imwithher #democrat #momtalk‚Ä¶ https://t.co/bCCvwdBrFw,11/8/2016 16:36,40.4253,-86.90657,19.71547723,positive,Joy,Hillary
"#lisamarietowne 
#election2016üá∫üá∏ 
#charlestonnativetours 
#trumpüá∫üá∏ 
#hanahansc @ Hanahan Middle https://t.co/7QLgaLrMtI",11/8/2016 16:38,42.81907714,-73.88570367,2.315120175,positive,Sadness,Trump
#letsgoHillary #govote #democrat #scaryday #fingerscrossed #fuckDonaldTrump @ Crotona Park https://t.co/ocasszlivQ,11/8/2016 16:39,34.69548224,-86.63160872,19.71547723,positive,Joy,Hillary
#ivoted2016 #usaüá∫üá∏ #election2016üá∫üá∏ ‚ú®‚ú® @ Torringford School https://t.co/dVptZ6ZYOQ,11/8/2016 16:41,38.9233229,-77.22463917,2.315120175,positive,Surprise,Election
#ivoted making #upstate #democrat one #brooklynite at a time #democratforlife #sanity #peace @‚Ä¶ https://t.co/4h4aHLbgeN,11/8/2016 16:42,40.8099,-96.6753,56.07224067,positive,Joy,Hillary
"#ivoted #everyvotecounts #govote 
#election2016üá∫üá∏ @ Supervisor of‚Ä¶ https://t.co/5ylTPtE8dI",11/8/2016 16:46,37.61595958,-94.82704138,2.315120175,positive,Sadness,Election
"#imwithher
#vote #freedom #usa #democrat #dumptrump #2016 #instagood #instadaily #noexcuses‚Ä¶ https://t.co/zVMmQl0nwd",11/8/2016 16:50,41.4573,-72.85769,54.51619135,positive,Joy,Hillary
#hillary2016 #clintonkaine2016 #hillaryclinton #hillaryforamerica #hillaryclinton2016 #democrat‚Ä¶ https://t.co/qcqHzB6tBZ,11/8/2016 16:52,33.42561,-79.99061,2.315120175,positive,Joy,Hillary
#Hillary #Democrat #Trump #Republican https://t.co/DE6Dvne5mn,11/8/2016 16:53,33.302,-86.84694,38.67188361,positive,Anger,Hillary
#hillary2016 #clintonkaine2016 #hillaryclinton #hillaryforamerica #hillaryclinton2016 #democrat‚Ä¶ https://t.co/BGZ6fJvdm9,11/8/2016 16:53,41.88694383,-87.63582278,2.315120175,positive,Joy,Hillary
#GoVote #vote #vote2016 #democrat #republican #whateveryouare please Go Vote!  #monee #illinois‚Ä¶ https://t.co/ZGmDYOhI4N,11/8/2016 16:54,34.02437633,-118.3944222,38.67188361,positive,Sadness,Election
#govotenow #govote #hillaryclinton #democrat #america üá∫üá∏ #georgiaüçë #GeorgiaVote counts‚Ä¶ https://t.co/mE1wtsLsDd,11/8/2016 16:54,39.9628296,-75.1622061,19.71547723,positive,Sadness,Hillary
#Felipe's #21standwoodlawnlocationonly #ictdining #icteats #bestmexicanfood #2016 #election2016‚Ä¶ https://t.co/yM8ZTEleAt,11/8/2016 16:56,33.407254,-86.66859,2.315120175,positive,Fear,Election
#ElectionDay #GoVote #Democrat üá∫üá∏ b.l.m72 @ Schenectady High School https://t.co/ROpwqEasB4,11/8/2016 16:57,34.93807758,-81.9139949,19.71547723,positive,Sadness,Hillary
#electionday #makeamericagreatagain #imwithher #Republican #democrat‚Ä¶ https://t.co/KkMFDalEjY,11/8/2016 16:57,38.4594,-90.0943,2.315120175,positive,Anger,Hillary
#electionday #makeamericagreatagain #imwithher #Republican #democrat‚Ä¶ https://t.co/VQbmPFSwKG,11/8/2016 16:57,34.11152704,-118.3043315,2.315120175,positive,Anger,Hillary
#election2016üá∫üá∏ #democrat #hillaryclintonforpresüôèüèΩüîµüîµüîµüîµ @ Longan‚Ä¶ https://t.co/jpjecGdULM,11/8/2016 16:59,25.74497,-80.25874,19.71547723,positive,Fear,Hillary
#election2016üá∫üá∏ #voteusa #sheismypresident #powerwoman #votolatino #califonia #campaign‚Ä¶ https://t.co/tMUHuYTwuq,11/8/2016 16:59,40.18431,-75.52451,2.315120175,positive,Joy,Election
#election2016üá∫üá∏ First time Voter üòäüéâ @ Bowling Green State University https://t.co/qkX1JBwGw1,11/8/2016 16:59,41.61512632,-87.63146069,21.27152655,positive,Fear,Election
#Electionday #democrat #hillaryclinton #donaldtrump #republican #usa #obama #usaüá∫üá∏‚Ä¶ https://t.co/lGPUBZ51x5,11/8/2016 16:59,40.7723797,-73.98568215,37.11583429,positive,Surprise,Hillary
"#drive2vote just arrived! #election2016üá∫üá∏ @ Omaha, Nebraska https://t.co/ek02y0r7X5",11/9/2016 0:18,30.26887004,-97.74293641,21.27152655,positive,Joy,Election
#decision #brooklyn #brooklynbridge #flag #newyork #newyorkcity #elections #democrat #fall‚Ä¶ https://t.co/mnG9cB3ayT,11/9/2016 0:44,37.77365,-122.41733,19.71547723,positive,Sadness,Hillary
#charlesschumer #newyorksenator #voteCHUCKtuesday #democrat #awesome public servant #greatguy‚Ä¶ https://t.co/edrEdtJi0H,11/9/2016 0:59,33.64685,-112.06869,38.67188361,positive,Joy,Hillary
@zacbir how about the people who just plain switched from democrat to republican because they don‚Äôt like Clinton. Hi my in-laws!,11/9/2016 2:27,35.466592,-97.510825,75.02864704,positive,Anger,Election
@TiffanyATrump @realDonaldTrump @IvankaTrump @KellyannePolls My vote for Democrat DOES MATTER. https://t.co/EeKXo3WhXk,11/9/2016 2:28,43.04088,-76.13411,19.71547723,positive,Anger,Trump
@Spencer_Durrant Right. I‚Äôd be hoping for Congress to restrain her worst ideas. I still hope for that.,11/9/2016 2:35,37.6826,-113.074,2.63602335,positive,Fear,Election
@serialkarma @riverlight82 ...with no actual effect. Can't move congress...,11/9/2016 2:48,34.3786314,-118.5457433,2.315120175,positive,Anger,Election
"@nalbinojr Always Democrat since Reagan left. Big number, but even the NYTimes is predicting Trump win now.",11/9/2016 2:56,34.05161048,-118.2453354,2.63602335,positive,Sadness,Trump
@mitrebox Democrat machine. Old machines. From the 80s.,11/9/2016 3:03,41.04911274,-80.66270855,19.71547723,positive,Anger,Hillary
@MarkEnnis That‚Äôs almost like voting straight ticket Democrat in Tuscaloosa.,11/9/2016 3:06,40.4414,-79.9773,56.07224067,positive,Joy,Hillary
@LizMacDonaldFOX Just tweeting to wish President Trump congratulations as a life long Democrat a hard pill for me to swallow.,11/9/2016 3:14,40.048159,-75.189727,2.389303866,positive,Sadness,Trump
"@LiveFromTheFive I already looked it up. It'd have to go through Congress, the Senate, &amp; the House of Reps.",11/9/2016 3:22,34.057,-118.238,2.315120175,positive,Sadness,Election
"@deneenborelli @dallas_413 @tomborelli Democrat, Republican or, Independent Deneen Get out and vote.I know I will after work. God Bless.",11/9/2016 3:42,39.7488188,-104.9951713,5.309513614,positive,Joy,Election
@Corporatocrazy Frank Luntz is a traitor he is a closet Democrat. I no longer trust him.,11/9/2016 3:55,34.05161048,-118.2453354,2.63602335,positive,Trust,Hillary
@anthonymobile but if Congress is all R?,11/9/2016 4:21,28.09575941,-82.38615339,2.315120175,positive,Anger,Election
@AnnMarieLaFlamm just voted in Southwest Detroit !! Large Hispanic turnout !! Some needed translators to read Ballo‚Ä¶ https://t.co/Ncgljycgoh,11/9/2016 4:26,40.7441321,-74.03090341,38.67188361,positive,Joy,Election
"What has been seen cannot be unseen
-C.A. Woolf

üëâüèæGO-FUCKIN' #VOTE üá∫üá∏
#Election2016‚Ä¶ https://t.co/34CAKR7RhO",11/9/2016 4:37,33.46889822,-112.093793,2.315120175,positive,Anger,Election
When a Republican and Democrat can play together... ‚ù§Ô∏èüíôüá∫üá∏ üòÇüèãüèº #electiondayworkouts @ ODP Fitness https://t.co/y7fy2lvqS4,11/9/2016 4:37,40.7968375,-73.9436513,38.67188361,positive,Anger,Election
"Same.
#rirkrittiravanija #moma #modernart #contemporaryart #politicalstatement #election2016‚Ä¶ https://t.co/ksQ7rmgYfo",11/9/2016 4:49,40.048762,-75.189749,2.315120175,positive,Surprise,Election
I Just Rocked My Vote! ~Hoopla~          I'm with Her Hillary #Hillary  #election2016üá∫üá∏‚Ä¶ https://t.co/VLDC72zq8u,11/9/2016 4:55,38.9674293,-77.39892658,21.27152655,positive,Joy,Hillary
I Just Rocked My Vote! ~Hoopla~  I'm with Her Hillary #Hillary  #election2016üá∫üá∏ #GoVote‚Ä¶ https://t.co/VLDC72zq8u,11/9/2016 4:56,40.82698178,-73.92100957,21.27152655,positive,Joy,Hillary
.hillary Clinton #vote #election2016üá∫üá∏ @ Reynolds Coliseum https://t.co/GAtfEKhfAT,11/9/2016 5:06,40.7142,-74.0064,2.315120175,positive,Sadness,Hillary
"...DONE! Quickly, too. üá∫üá∏ü§ì #vote #getoutandvote #democrat #republican #nonpartisan‚Ä¶ https://t.co/Ihpy85azOL",11/9/2016 5:15,39.54388156,-107.7635176,19.71547723,positive,Joy,Election
... &amp; then he told me I'm a democrat üòÖüòÇ @ United States https://t.co/HB0kWgElqG,11/9/2016 6:18,33.17443597,-87.49763993,19.71547723,positive,Surprise,Hillary
"666 on #Trump üòà ....
.
.
#DumpTrump #NeverTrump #ElectionNight #Hillary #election2016‚Ä¶ https://t.co/LKCadNWtFG",11/9/2016 7:39,39.6696724,-79.97789757,21.27152655,positive,Fear,Hillary
4th &amp; 5th votes in our precinct.  #imwithher #election2016‚Ä¶ https://t.co/GQAv9c0BK2,11/9/2016 9:56,38.88972222,-77.00888889,2.315120175,positive,Joy,Hillary
