text,created_at,lat,lon,place,coordinates,location,polarity score,sentiment,emotion,party
#adrianj #firsttimevoter #heswithher #hedidntvotefirtrump #election2016 #gooutandvote‚Ä¶ https://t.co/GzPz5n957m,11/9/2016 1:45,33.57796473,-84.33844098,"Place(name='Morrow', _api=<tweepy.api.API object at 0x110ec6630>, url='https://api.twitter.com/1.1/geo/id/d6f81f46b9393919.json', full_name='Morrow, GA', place_type='city', country_code='US', attributes={}, country='United States', bounding_box=BoundingBox(_api=<tweepy.api.API object at 0x110ec6630>, coordinates=[[[-84.358067, 33.563564], [-84.309694, 33.563564], [-84.309694, 33.607716], [-84.358067, 33.607716]]], type='Polygon'), contained_within=[], id='d6f81f46b9393919')","{'coordinates': [-84.33844098, 33.57796473], 'type': 'Point'}","Atlanta, GA",0.108836579,negative,Joy,Trump
#üòÇ #trump #rapper #thedailyshow #trevornoah #election2016 @ New Jersey https://t.co/G6sbjqx3Pv,11/9/2016 0:12,41.82988836,-87.82130932,"Place(name='Riverside', _api=<tweepy.api.API object at 0x110ec6630>, url='https://api.twitter.com/1.1/geo/id/49ecb21afc709bea.json', full_name='Riverside, IL', place_type='city', country_code='US', attributes={}, country='United States', bounding_box=BoundingBox(_api=<tweepy.api.API object at 0x110ec6630>, coordinates=[[[-87.8321527, 41.816203], [-87.802651, 41.816203], [-87.802651, 41.843094], [-87.8321527, 41.843094]]], type='Polygon'), contained_within=[], id='49ecb21afc709bea')","{'coordinates': [-87.82130932, 41.82988836], 'type': 'Point'}",USA,1,neutral,Joy,Trump
"#Election #Election2016 #presidentialelection #trump #clinton #AmericanSuicide @ Saint Matthews,‚Ä¶ https://t.co/JZsboOMMLv",11/8/2016 23:28,30.31879971,-91.81561138,"Place(name='Henderson', _api=<tweepy.api.API object at 0x110ec6630>, url='https://api.twitter.com/1.1/geo/id/012896851d964980.json', full_name='Henderson, LA', place_type='city', country_code='US', attributes={}, country='United States', bounding_box=BoundingBox(_api=<tweepy.api.API object at 0x110ec6630>, coordinates=[[[-91.8369769, 30.300087], [-91.786385, 30.300087], [-91.786385, 30.3269686], [-91.8369769, 30.3269686]]], type='Polygon'), contained_within=[], id='012896851d964980')","{'coordinates': [-91.81561138, 30.31879971], 'type': 'Point'}","Broussard, Arnaudville, NOLA",1.891163421,neutral,Sadness,Trump
#election2016 #blacklivesmatter These fokes in #covington GA support Trump if you vote Trump‚Ä¶ https://t.co/RwfvUPSBBw,11/8/2016 19:18,40.00638889,-75.70611111,"Place(name='Downingtown', _api=<tweepy.api.API object at 0x110ec6630>, url='https://api.twitter.com/1.1/geo/id/88c2d3fb34a48926.json', full_name='Downingtown, PA', place_type='city', country_code='US', attributes={}, country='United States', bounding_box=BoundingBox(_api=<tweepy.api.API object at 0x110ec6630>, coordinates=[[[-75.727518, 39.995832], [-75.675925, 39.995832], [-75.675925, 40.021647], [-75.727518, 40.021647]]], type='Polygon'), contained_within=[], id='88c2d3fb34a48926')","{'coordinates': [-75.70611111, 40.00638889], 'type': 'Point'}","Philadelphia, PA",1.891163421,neutral,Sadness,Trump
#election2016 #storytime1617 #gradschoolshenanigans #mommyandme #fortheRepublic! @ East New‚Ä¶ https://t.co/2gGw7FYSJk,11/8/2016 17:08,40.67451687,-73.96109287,"Place(name='Brooklyn', _api=<tweepy.api.API object at 0x110ec6630>, url='https://api.twitter.com/1.1/geo/id/011add077f4d2da3.json', full_name='Brooklyn, NY', place_type='city', country_code='US', attributes={}, country='United States', bounding_box=BoundingBox(_api=<tweepy.api.API object at 0x110ec6630>, coordinates=[[[-74.041878, 40.570842], [-73.855673, 40.570842], [-73.855673, 40.739434], [-74.041878, 40.739434]]], type='Polygon'), contained_within=[], id='011add077f4d2da3')","{'coordinates': [-73.96109287, 40.67451687], 'type': 'Point'}",,0.108836579,negative,Joy,Trump
#election2016 #trump #electionday2016 #election @ Woodrow Wilson‚Ä¶ https://t.co/m6DxiBaSsC,11/8/2016 17:08,32.72736715,-117.2516458,"Place(name='San Diego', _api=<tweepy.api.API object at 0x110ec6630>, url='https://api.twitter.com/1.1/geo/id/a592bd6ceb1319f7.json', full_name='San Diego, CA', place_type='city', country_code='US', attributes={}, country='United States', bounding_box=BoundingBox(_api=<tweepy.api.API object at 0x110ec6630>, coordinates=[[[-117.282538, 32.53962], [-116.9274403, 32.53962], [-116.9274403, 33.0804044], [-117.282538, 33.0804044]]], type='Polygon'), contained_within=[], id='a592bd6ceb1319f7')","{'coordinates': [-117.25164577, 32.72736715], 'type': 'Point'}",Southern California,1,neutral,Fear,Trump
#election2016 #vote #trump @ Ps 48 William C Wilcox https://t.co/TuhhtxkVde,11/8/2016 17:05,42.7494888,-84.748703,"Place(name='Grand Ledge', _api=<tweepy.api.API object at 0x110ec6630>, url='https://api.twitter.com/1.1/geo/id/275d4fc4911bdb92.json', full_name='Grand Ledge, MI', place_type='city', country_code='US', attributes={}, country='United States', bounding_box=BoundingBox(_api=<tweepy.api.API object at 0x110ec6630>, coordinates=[[[-84.773246, 42.732805], [-84.7193265, 42.732805], [-84.7193265, 42.770412], [-84.773246, 42.770412]]], type='Polygon'), contained_within=[], id='275d4fc4911bdb92')","{'coordinates': [-84.748703, 42.7494888], 'type': 'Point'}","Grand Ledge, MI",1,neutral,Surprise,Trump
#Election2016 vote @realDonaldTrump vote for Donald today real change,11/8/2016 17:00,38.7452933,-90.78722341,"Place(name='Missouri', _api=<tweepy.api.API object at 0x110ec6630>, url='https://api.twitter.com/1.1/geo/id/2526edd24c06e60c.json', full_name='Missouri, USA', place_type='admin', country_code='US', attributes={}, country='United States', bounding_box=BoundingBox(_api=<tweepy.api.API object at 0x110ec6630>, coordinates=[[[-95.774704, 35.995476], [-89.098843, 35.995476], [-89.098843, 40.613641], [-95.774704, 40.613641]]], type='Polygon'), contained_within=[], id='2526edd24c06e60c')","{'coordinates': [-90.78722341, 38.7452933], 'type': 'Point'}","MO, USA",0.926848254,negative,Sadness,Trump
"#itisourduty #myvotematters #election2016 #republicanpride #republican #ivoted @ Casa De Monnig,‚Ä¶ https://t.co/JTMsyze0dX",11/8/2016 16:49,37.84476125,-122.2415058,"Place(name='Oakland', _api=<tweepy.api.API object at 0x110ec6630>, url='https://api.twitter.com/1.1/geo/id/ab2f2fac83aa388d.json', full_name='Oakland, CA', place_type='city', country_code='US', attributes={}, country='United States', bounding_box=BoundingBox(_api=<tweepy.api.API object at 0x110ec6630>, coordinates=[[[-122.34266, 37.699279], [-122.114711, 37.699279], [-122.114711, 37.8847092], [-122.34266, 37.8847092]]], type='Polygon'), contained_within=[], id='ab2f2fac83aa388d')","{'coordinates': [-122.24150577, 37.84476125], 'type': 'Point'}","Bay Area, CA",0.108836579,negative,Joy,Trump
#IVoted #FeelTheBern #JillNotHill #NeverTrump #Election2016 @ Southview Towers https://t.co/1fOe4ZF9jN,11/8/2016 16:46,40.26902911,-74.96129748,"Place(name='Pennsylvania', _api=<tweepy.api.API object at 0x110ec6630>, url='https://api.twitter.com/1.1/geo/id/dd9c503d6c35364b.json', full_name='Pennsylvania, USA', place_type='admin', country_code='US', attributes={}, country='United States', bounding_box=BoundingBox(_api=<tweepy.api.API object at 0x110ec6630>, coordinates=[[[-80.519851, 39.719801], [-74.689517, 39.719801], [-74.689517, 42.516072], [-80.519851, 42.516072]]], type='Polygon'), contained_within=[], id='dd9c503d6c35364b')","{'coordinates': [-74.96129748, 40.26902911], 'type': 'Point'}","Brooklyn, NY",0.108836579,negative,Joy,Trump
#JimmyKimmel is hilarious üòÇüòÇüòÇ#trump2016 #election2016 #makeamericagreatagain #hilaryclinton ‚ôªÔ∏è‚Ä¶ https://t.co/ECLjTEx6n2,11/8/2016 16:40,38.73175696,-121.2072722,"Place(name='Granite Bay', _api=<tweepy.api.API object at 0x110ec6630>, url='https://api.twitter.com/1.1/geo/id/01b4481d283c3d09.json', full_name='Granite Bay, CA', place_type='city', country_code='US', attributes={}, country='United States', bounding_box=BoundingBox(_api=<tweepy.api.API object at 0x110ec6630>, coordinates=[[[-121.226663, 38.712987], [-121.105833, 38.712987], [-121.105833, 38.84012], [-121.226663, 38.84012]]], type='Polygon'), contained_within=[], id='01b4481d283c3d09')","{'coordinates': [-121.20727218, 38.73175696], 'type': 'Point'}",Trying to get back to Athenstown but still loving NorCal ,1.891163421,neutral,Joy,Trump
"#lisamarietowne 
#election2016üá∫üá∏ 
#charlestonnativetours 
#trumpüá∫üá∏ 
#hanahansc @ Hanahan Middle https://t.co/7QLgaLrMtI",11/8/2016 16:38,42.81907714,-73.88570367,"Place(name='Niskayuna', _api=<tweepy.api.API object at 0x110ec6630>, url='https://api.twitter.com/1.1/geo/id/01d0ad55182d6404.json', full_name='Niskayuna, NY', place_type='city', country_code='US', attributes={}, country='United States', bounding_box=BoundingBox(_api=<tweepy.api.API object at 0x110ec6630>, coordinates=[[[-73.918305, 42.764483], [-73.809589, 42.764483], [-73.809589, 42.850298], [-73.918305, 42.850298]]], type='Polygon'), contained_within=[], id='01d0ad55182d6404')","{'coordinates': [-73.88570367, 42.81907714], 'type': 'Point'}",,2.315120175,positive,Sadness,Trump
#mojito #mondays to forget about the #election2016 for just an hr!! #trumpvsgod afterparty!! @‚Ä¶ https://t.co/QeDXBTD5at,11/8/2016 16:37,40.68594219,-73.86958476,"Place(name='Brooklyn', _api=<tweepy.api.API object at 0x110ec6630>, url='https://api.twitter.com/1.1/geo/id/011add077f4d2da3.json', full_name='Brooklyn, NY', place_type='city', country_code='US', attributes={}, country='United States', bounding_box=BoundingBox(_api=<tweepy.api.API object at 0x110ec6630>, coordinates=[[[-74.041878, 40.570842], [-73.855673, 40.570842], [-73.855673, 40.739434], [-74.041878, 40.739434]]], type='Polygon'), contained_within=[], id='011add077f4d2da3')","{'coordinates': [-73.86958476, 40.68594219], 'type': 'Point'}",Texas‚û°Brooklyn‚û°‚ùî,0.512035707,negative,Joy,Trump
"#TeamClinton or #TeamTrump? #Election2016
#FrancescoPaoloCatalano #Photography 
#usa #politics‚Ä¶ https://t.co/cmoeAf4J7G",11/8/2016 16:30,41.80694444,-83.4425,"Place(name='Michigan', _api=<tweepy.api.API object at 0x110ec6630>, url='https://api.twitter.com/1.1/geo/id/67d92742f1ebf307.json', full_name='Michigan, USA', place_type='admin', country_code='US', attributes={}, country='United States', bounding_box=BoundingBox(_api=<tweepy.api.API object at 0x110ec6630>, coordinates=[[[-90.4181075, 41.696088], [-82.122971, 41.696088], [-82.122971, 48.306272], [-90.4181075, 48.306272]]], type='Polygon'), contained_within=[], id='67d92742f1ebf307')","{'coordinates': [-83.4425, 41.80694444], 'type': 'Point'}", Michigan,0.926848254,negative,Joy,Trump
"#votetrump #voterepublican therealdonaldtrump #makeamericagreatagain #election2016 @ Clarkton,‚Ä¶ https://t.co/mINwLfxVOU",11/8/2016 16:17,37.77929,-122.41922,"Place(name='San Francisco', _api=<tweepy.api.API object at 0x110ec6630>, url='https://api.twitter.com/1.1/geo/id/5a110d312052166f.json', full_name='San Francisco, CA', place_type='city', country_code='US', attributes={}, country='United States', bounding_box=BoundingBox(_api=<tweepy.api.API object at 0x110ec6630>, coordinates=[[[-122.514926, 37.708075], [-122.357031, 37.708075], [-122.357031, 37.833238], [-122.514926, 37.833238]]], type='Polygon'), contained_within=[], id='5a110d312052166f')","{'coordinates': [-122.41922, 37.77929], 'type': 'Point'}",San Francisco,0.108836579,negative,Fear,Trump
@ewrobinson1 @zblox That‚Äôs been my thought. I‚Äôd be worried that a Trump presidency would cede control of Congress in 2018.,11/9/2016 3:40,39.7488188,-104.9951713,"Place(name='Denver', _api=<tweepy.api.API object at 0x110ec6630>, url='https://api.twitter.com/1.1/geo/id/b49b3053b5c25bf5.json', full_name='Denver, CO', place_type='city', country_code='US', attributes={}, country='United States', bounding_box=BoundingBox(_api=<tweepy.api.API object at 0x110ec6630>, coordinates=[[[-105.109815, 39.614151], [-104.734372, 39.614151], [-104.734372, 39.812975], [-105.109815, 39.812975]]], type='Polygon'), contained_within=[], id='b49b3053b5c25bf5')","{'coordinates': [-104.99517125, 39.7488188], 'type': 'Point'}","Denver, CO",1,neutral,Fear,Trump
@LizMacDonaldFOX Just tweeting to wish President Trump congratulations as a life long Democrat a hard pill for me to swallow.,11/9/2016 3:14,40.048159,-75.189727,"Place(name='Philadelphia', _api=<tweepy.api.API object at 0x110ec6630>, url='https://api.twitter.com/1.1/geo/id/e4a0d228eb6be76b.json', full_name='Philadelphia, PA', place_type='city', country_code='US', attributes={}, country='United States', bounding_box=BoundingBox(_api=<tweepy.api.API object at 0x110ec6630>, coordinates=[[[-75.280284, 39.871811], [-74.955712, 39.871811], [-74.955712, 40.13792], [-75.280284, 40.13792]]], type='Polygon'), contained_within=[], id='e4a0d228eb6be76b')","{'coordinates': [-75.189727, 40.048159], 'type': 'Point'}",Brooklyn bwo Philly ,2.389303866,positive,Sadness,Trump
"@nalbinojr Always Democrat since Reagan left. Big number, but even the NYTimes is predicting Trump win now.",11/9/2016 2:56,34.05161048,-118.2453354,"Place(name='Los Angeles', _api=<tweepy.api.API object at 0x110ec6630>, url='https://api.twitter.com/1.1/geo/id/3b77caf94bfc81fe.json', full_name='Los Angeles, CA', place_type='city', country_code='US', attributes={}, country='United States', bounding_box=BoundingBox(_api=<tweepy.api.API object at 0x110ec6630>, coordinates=[[[-118.668404, 33.704538], [-118.155409, 33.704538], [-118.155409, 34.337041], [-118.668404, 34.337041]]], type='Polygon'), contained_within=[], id='3b77caf94bfc81fe')","{'coordinates': [-118.24533538, 34.05161048], 'type': 'Point'}",Los Angeles,2.63602335,positive,Sadness,Trump
@realdonaldtrump @mike_pence #MakeAmericaGreatAgain #election2016 @ Hutchinson Recreation Center https://t.co/biOPaMHNsc,11/9/2016 2:49,40,-100,"Place(name='Kansas', _api=<tweepy.api.API object at 0x110ec6630>, url='https://api.twitter.com/1.1/geo/id/27c45d804c777999.json', full_name='Kansas, USA', place_type='admin', country_code='US', attributes={}, country='United States', bounding_box=BoundingBox(_api=<tweepy.api.API object at 0x110ec6630>, coordinates=[[[-102.051769, 36.9931101], [-94.588081, 36.9931101], [-94.588081, 40.003282], [-102.051769, 40.003282]]], type='Polygon'), contained_within=[], id='27c45d804c777999')","{'coordinates': [-100.0, 40.0], 'type': 'Point'}","Tempe, AZ",0.108836579,negative,Sadness,Trump
@TiffanyATrump @realDonaldTrump @IvankaTrump @KellyannePolls My vote for Democrat DOES MATTER. https://t.co/EeKXo3WhXk,11/9/2016 2:28,43.04088,-76.13411,"Place(name='Syracuse', _api=<tweepy.api.API object at 0x110ec6630>, url='https://api.twitter.com/1.1/geo/id/138181506c13418e.json', full_name='Syracuse, NY', place_type='city', country_code='US', attributes={}, country='United States', bounding_box=BoundingBox(_api=<tweepy.api.API object at 0x110ec6630>, coordinates=[[[-76.204476, 42.984026], [-76.053145, 42.984026], [-76.053145, 43.121188], [-76.204476, 43.121188]]], type='Polygon'), contained_within=[], id='138181506c13418e')","{'coordinates': [-76.13411, 43.04088], 'type': 'Point'}","Syracuse, New York",19.71547723,positive,Anger,Trump
2pennies Both Heads&amp;a republican pamplet on the wet concrete with dirt on trumps cheeks #Election2016 #voteclinton,11/9/2016 11:16,37.279404,-80.067014,"Place(name='Salem', _api=<tweepy.api.API object at 0x110ec6630>, url='https://api.twitter.com/1.1/geo/id/73c702136798426b.json', full_name='Salem, VA', place_type='city', country_code='US', attributes={}, country='United States', bounding_box=BoundingBox(_api=<tweepy.api.API object at 0x110ec6630>, coordinates=[[[-80.1206921, 37.252554], [-80.013519, 37.252554], [-80.013519, 37.3243357], [-80.1206921, 37.3243357]]], type='Polygon'), contained_within=[], id='73c702136798426b')","{'coordinates': [-80.067014, 37.279404], 'type': 'Point'}","Salem, VA",0.493047125,negative,Anger,Trump
"4th election is in the books.
#voted #vote #Clinton #Trump #NH #senate #governor #republicans‚Ä¶ https://t.co/NSrEUBK0lf",11/9/2016 9:20,33.7595639,-84.39837033,"Place(name='Atlanta', _api=<tweepy.api.API object at 0x110ec6630>, url='https://api.twitter.com/1.1/geo/id/8173485c72e78ca5.json', full_name='Atlanta, GA', place_type='city', country_code='US', attributes={}, country='United States', bounding_box=BoundingBox(_api=<tweepy.api.API object at 0x110ec6630>, coordinates=[[[-84.576827, 33.6475029], [-84.289385, 33.6475029], [-84.289385, 33.8868859], [-84.576827, 33.8868859]]], type='Polygon'), contained_within=[], id='8173485c72e78ca5')","{'coordinates': [-84.39837033, 33.7595639], 'type': 'Point'}",Atlanta Ga,1,neutral,Sadness,Trump
A #donaldtrump supporter waves a flag in an I-95 South overpass in Virginia.  #election2016‚Ä¶ https://t.co/avaIzqjqEp,11/8/2016 16:15,34.10355,-118.30867,"Place(name='Los Angeles', _api=<tweepy.api.API object at 0x110ec6630>, url='https://api.twitter.com/1.1/geo/id/3b77caf94bfc81fe.json', full_name='Los Angeles, CA', place_type='city', country_code='US', attributes={}, country='United States', bounding_box=BoundingBox(_api=<tweepy.api.API object at 0x110ec6630>, coordinates=[[[-118.668404, 33.704538], [-118.155409, 33.704538], [-118.155409, 34.337041], [-118.668404, 34.337041]]], type='Polygon'), contained_within=[], id='3b77caf94bfc81fe')","{'coordinates': [-118.30867, 34.10355], 'type': 'Point'}","Los Angeles, CA- HOME",21.27152655,positive,Sadness,Trump
And so it begins #election2016 #usa #donaldtrump @ New York Hilton Midtown https://t.co/MplHSVNiXd,11/8/2016 16:07,41.92833333,-87.70666667,"Place(name='Chicago', _api=<tweepy.api.API object at 0x110ec6630>, url='https://api.twitter.com/1.1/geo/id/1d9a5370a355ab0c.json', full_name='Chicago, IL', place_type='city', country_code='US', attributes={}, country='United States', bounding_box=BoundingBox(_api=<tweepy.api.API object at 0x110ec6630>, coordinates=[[[-87.940033, 41.644102], [-87.523993, 41.644102], [-87.523993, 42.0230669], [-87.940033, 42.0230669]]], type='Polygon'), contained_within=[], id='1d9a5370a355ab0c')","{'coordinates': [-87.70666667, 41.92833333], 'type': 'Point'}",Chicago,0.926848254,negative,Joy,Trump
"Captain America is on the streets of Denver! He's a Trump Voter as well! @ Congress Park, Denver https://t.co/LdbDoFnzxH",11/8/2016 15:57,38.5511,-90.5411,"Place(name='Ballwin', _api=<tweepy.api.API object at 0x110ec6630>, url='https://api.twitter.com/1.1/geo/id/cc1dc38105ac44d4.json', full_name='Ballwin, MO', place_type='city', country_code='US', attributes={}, country='United States', bounding_box=BoundingBox(_api=<tweepy.api.API object at 0x110ec6630>, coordinates=[[[-90.59217, 38.54757], [-90.509959, 38.54757], [-90.509959, 38.624853], [-90.59217, 38.624853]]], type='Polygon'), contained_within=[], id='cc1dc38105ac44d4')","{'coordinates': [-90.5411, 38.5511], 'type': 'Point'}",Online,38.67188361,positive,Sadness,Trump
Couples voting together #election2016 #trump2016 #trump #couplesfortrump @ Anthem School https://t.co/2HqnfyEsxA,11/8/2016 15:50,43.30627,-77.91951,"Place(name='Hamlin', _api=<tweepy.api.API object at 0x110ec6630>, url='https://api.twitter.com/1.1/geo/id/014f37787612b29c.json', full_name='Hamlin, NY', place_type='city', country_code='US', attributes={}, country='United States', bounding_box=BoundingBox(_api=<tweepy.api.API object at 0x110ec6630>, coordinates=[[[-77.955143, 43.284445], [-77.903637, 43.284445], [-77.903637, 43.320977], [-77.955143, 43.320977]]], type='Polygon'), contained_within=[], id='014f37787612b29c')","{'coordinates': [-77.91951, 43.30627], 'type': 'Point'}","Hamlin, NY",1.891163421,neutral,Sadness,Trump
"damn lmaoooo #curved OD
#election2016 #barackobama #president #donaldtrump #democrat‚Ä¶ https://t.co/2oyPIIgU9e",11/8/2016 15:49,40.747,-73.986,"Place(name='Manhattan', _api=<tweepy.api.API object at 0x110ec6630>, url='https://api.twitter.com/1.1/geo/id/01a9a39529b27f36.json', full_name='Manhattan, NY', place_type='city', country_code='US', attributes={}, country='United States', bounding_box=BoundingBox(_api=<tweepy.api.API object at 0x110ec6630>, coordinates=[[[-74.026675, 40.683935], [-73.910408, 40.683935], [-73.910408, 40.877483], [-74.026675, 40.877483]]], type='Polygon'), contained_within=[], id='01a9a39529b27f36')","{'coordinates': [-73.986, 40.747], 'type': 'Point'}",New York City,0.055728215,negative,Sadness,Trump
"dead lmao
#mexicans #election2016 #barackobama #president #donaldtrump #democrat #hilaryclinton‚Ä¶ https://t.co/MzisczDSXZ",11/8/2016 15:48,35.40535,-118.96616,"Place(name='Bakersfield', _api=<tweepy.api.API object at 0x110ec6630>, url='https://api.twitter.com/1.1/geo/id/960993b9cfdffda9.json', full_name='Bakersfield, CA', place_type='city', country_code='US', attributes={}, country='United States', bounding_box=BoundingBox(_api=<tweepy.api.API object at 0x110ec6630>, coordinates=[[[-119.172179, 35.255821], [-118.878147, 35.255821], [-118.878147, 35.4379816], [-119.172179, 35.4379816]]], type='Polygon'), contained_within=[], id='960993b9cfdffda9')","{'coordinates': [-118.96616, 35.40535], 'type': 'Point'}","Bakersfield, CA",0.493047125,negative,Sadness,Trump
"dead lol
#election2016 #barackobama #president #donaldtrump #democrat #hilaryclinton #anime‚Ä¶ https://t.co/sHRZhg3iiX",11/8/2016 15:48,40.744757,-73.9782561,"Place(name='Manhattan', _api=<tweepy.api.API object at 0x110ec6630>, url='https://api.twitter.com/1.1/geo/id/01a9a39529b27f36.json', full_name='Manhattan, NY', place_type='city', country_code='US', attributes={}, country='United States', bounding_box=BoundingBox(_api=<tweepy.api.API object at 0x110ec6630>, coordinates=[[[-74.026675, 40.683935], [-73.910408, 40.683935], [-73.910408, 40.877483], [-74.026675, 40.877483]]], type='Polygon'), contained_within=[], id='01a9a39529b27f36')","{'coordinates': [-73.9782561, 40.744757], 'type': 'Point'}",New York City,0.493047125,negative,Surprise,Trump
Done!!! Get out and vote!! #imnotwithher #dumptrump2016 #election2016 #getoutandvote‚Ä¶ https://t.co/CSJvYCBgxz,11/8/2016 15:31,38.7905,-94.2661,"Place(name='Pleasant Hill', _api=<tweepy.api.API object at 0x110ec6630>, url='https://api.twitter.com/1.1/geo/id/5e2e277c09e9d0ac.json', full_name='Pleasant Hill, MO', place_type='city', country_code='US', attributes={}, country='United States', bounding_box=BoundingBox(_api=<tweepy.api.API object at 0x110ec6630>, coordinates=[[[-94.2804714, 38.776277], [-94.2368174, 38.776277], [-94.2368174, 38.8203507], [-94.2804714, 38.8203507]]], type='Polygon'), contained_within=[], id='5e2e277c09e9d0ac')","{'coordinates': [-94.2661, 38.7905], 'type': 'Point'}","Warrensburg, Missouri",0.055728215,negative,Joy,trump
Don't forget to vote. The time is now. #election2016 #hilaryclinton #donaldtrump #politics #2016‚Ä¶ https://t.co/tGlu2q88f6,11/8/2016 15:35,46.702248,-90.873399,"Place(name='Wisconsin', _api=<tweepy.api.API object at 0x110ec6630>, url='https://api.twitter.com/1.1/geo/id/7dc5c6d3bfb10ccc.json', full_name='Wisconsin, USA', place_type='admin', country_code='US', attributes={}, country='United States', bounding_box=BoundingBox(_api=<tweepy.api.API object at 0x110ec6630>, coordinates=[[[-92.889433, 42.491921], [-86.24955, 42.491921], [-86.24955, 47.309715], [-92.889433, 47.309715]]], type='Polygon'), contained_within=[], id='7dc5c6d3bfb10ccc')","{'coordinates': [-90.873399, 46.702248], 'type': 'Point'}",,0.055728215,negative,Sadness,Trump
Dump Trump  #Election2016 https://t.co/GpV2uubGqk,11/8/2016 15:29,44.5708,-123.276,"Place(name='Corvallis', _api=<tweepy.api.API object at 0x110ec6630>, url='https://api.twitter.com/1.1/geo/id/4da74513442e5fc5.json', full_name='Corvallis, OR', place_type='city', country_code='US', attributes={}, country='United States', bounding_box=BoundingBox(_api=<tweepy.api.API object at 0x110ec6630>, coordinates=[[[-123.343425, 44.527244], [-123.215262, 44.527244], [-123.215262, 44.611247], [-123.343425, 44.611247]]], type='Polygon'), contained_within=[], id='4da74513442e5fc5')","{'coordinates': [-123.276, 44.5708], 'type': 'Point'}","Corvallis, OR",0.531961001,negative,Anger,Trump
"üíÄüíÄüíÄ
#barackobama #president #donaldtrump #democrat #hilaryclinton #anime #otaku‚Ä¶ https://t.co/r4ayRL9MsN",11/8/2016 15:26,34.04303,-118.33968,"Place(name='Los Angeles', _api=<tweepy.api.API object at 0x110ec6630>, url='https://api.twitter.com/1.1/geo/id/3b77caf94bfc81fe.json', full_name='Los Angeles, CA', place_type='city', country_code='US', attributes={}, country='United States', bounding_box=BoundingBox(_api=<tweepy.api.API object at 0x110ec6630>, coordinates=[[[-118.668404, 33.704538], [-118.155409, 33.704538], [-118.155409, 34.337041], [-118.668404, 34.337041]]], type='Polygon'), contained_within=[], id='3b77caf94bfc81fe')","{'coordinates': [-118.33968, 34.04303], 'type': 'Point'}","Los Angeles, CA",19.71547723,positive,Joy,Trump
Election Day is upon us.........choose wisely people!! #teamHK #election2016 #clintonvstrump‚Ä¶ https://t.co/lVzV8rQZ8w,11/8/2016 15:19,43.07765851,-70.75455316,"Place(name='Portsmouth', _api=<tweepy.api.API object at 0x110ec6630>, url='https://api.twitter.com/1.1/geo/id/fb3aafdc1555efcf.json', full_name='Portsmouth, NH', place_type='city', country_code='US', attributes={}, country='United States', bounding_box=BoundingBox(_api=<tweepy.api.API object at 0x110ec6630>, coordinates=[[[-70.820242, 43.0136731], [-70.737324, 43.0136731], [-70.737324, 43.098556], [-70.820242, 43.098556]]], type='Polygon'), contained_within=[], id='fb3aafdc1555efcf')","{'coordinates': [-70.75455316, 43.07765851], 'type': 'Point'}",New Hampshire,1,neutral,Joy,Trump
Especially with a Republican controlled Congress. Oof.,11/8/2016 15:17,38.2150222,-89.9967049,"Place(name='Red Bud', _api=<tweepy.api.API object at 0x110ec6630>, url='https://api.twitter.com/1.1/geo/id/48876bc71ccd06ea.json', full_name='Red Bud, IL', place_type='city', country_code='US', attributes={}, country='United States', bounding_box=BoundingBox(_api=<tweepy.api.API object at 0x110ec6630>, coordinates=[[[-90.017393, 38.193385], [-89.978463, 38.193385], [-89.978463, 38.220018], [-90.017393, 38.220018]]], type='Polygon'), contained_within=[], id='48876bc71ccd06ea')","{'coordinates': [-89.9967049, 38.2150222], 'type': 'Point'}",Land of Lincoln,21.27152655,positive,Anger,Trump
Get out there and vote. #letsmakeamericagreatagain #trump #trump2016 #election2016‚Ä¶ https://t.co/KlIkePiNJo,11/8/2016 15:04,33.9919633,-118.4781904,"Place(name='Los Angeles', _api=<tweepy.api.API object at 0x110ec6630>, url='https://api.twitter.com/1.1/geo/id/3b77caf94bfc81fe.json', full_name='Los Angeles, CA', place_type='city', country_code='US', attributes={}, country='United States', bounding_box=BoundingBox(_api=<tweepy.api.API object at 0x110ec6630>, coordinates=[[[-118.668404, 33.704538], [-118.155409, 33.704538], [-118.155409, 34.337041], [-118.668404, 34.337041]]], type='Polygon'), contained_within=[], id='3b77caf94bfc81fe')","{'coordinates': [-118.47819039, 33.9919633], 'type': 'Point'}","Venice Beach, Los Angeles",1,neutral,Anger,Trump
Get up. Get out . #govote #election2016  #theendisnear #hillaryforprison2016 #dumptrump‚Ä¶ https://t.co/xY3dvBzsPk,11/8/2016 15:02,44.92428383,-93.41558089,"Place(name='Hopkins', _api=<tweepy.api.API object at 0x110ec6630>, url='https://api.twitter.com/1.1/geo/id/2d5b67122572d42f.json', full_name='Hopkins, MN', place_type='city', country_code='US', attributes={}, country='United States', bounding_box=BoundingBox(_api=<tweepy.api.API object at 0x110ec6630>, coordinates=[[[-93.429448, 44.905986], [-93.370824, 44.905986], [-93.370824, 44.949276], [-93.429448, 44.949276]]], type='Polygon'), contained_within=[], id='2d5b67122572d42f')","{'coordinates': [-93.41558089, 44.92428383], 'type': 'Point'}","Minneapolis, MN",0.055728215,negative,Fear,trump
GO VOTE!!! #noexcuses #vote #election2016 #nevertrump @ African American History Museum https://t.co/Z9xieXvSdL,11/8/2016 14:55,32.298828,-90.183384,"Place(name='Jackson', _api=<tweepy.api.API object at 0x110ec6630>, url='https://api.twitter.com/1.1/geo/id/5c9d123437711a9d.json', full_name='Jackson, MS', place_type='city', country_code='US', attributes={}, country='United States', bounding_box=BoundingBox(_api=<tweepy.api.API object at 0x110ec6630>, coordinates=[[[-90.331039, 32.049347], [-89.984994, 32.049347], [-89.984994, 32.412627], [-90.331039, 32.412627]]], type='Polygon'), contained_within=[], id='5c9d123437711a9d')","{'coordinates': [-90.183384, 32.298828], 'type': 'Point'}",Mississippi,0.108836579,negative,Fear,Trump
Good seeing u love @CourtneyStodden #trumpvsgod #election2016 Afterparty !! @ The Hollywood‚Ä¶ https://t.co/jgFETQRPdc,11/8/2016 14:51,33.76350951,-84.36927256,"Place(name='Atlanta', _api=<tweepy.api.API object at 0x110ec6630>, url='https://api.twitter.com/1.1/geo/id/8173485c72e78ca5.json', full_name='Atlanta, GA', place_type='city', country_code='US', attributes={}, country='United States', bounding_box=BoundingBox(_api=<tweepy.api.API object at 0x110ec6630>, coordinates=[[[-84.576827, 33.6475029], [-84.289385, 33.6475029], [-84.289385, 33.8868859], [-84.576827, 33.8868859]]], type='Polygon'), contained_within=[], id='8173485c72e78ca5')","{'coordinates': [-84.36927256, 33.76350951], 'type': 'Point'}","Atlanta, GA",1.818011675,neutral,Joy,Trump
Hahahaha haha #election2016 day is near. Someone with anger issues will love this. #trump‚Ä¶ https://t.co/9rTYq5BL3D,11/8/2016 14:47,35.1174,-89.9711,"Place(name='Memphis', _api=<tweepy.api.API object at 0x110ec6630>, url='https://api.twitter.com/1.1/geo/id/f995a9bd45d4a867.json', full_name='Memphis, TN', place_type='city', country_code='US', attributes={}, country='United States', bounding_box=BoundingBox(_api=<tweepy.api.API object at 0x110ec6630>, coordinates=[[[-90.135782, 34.994192], [-89.708276, 34.994192], [-89.708276, 35.2728491], [-90.135782, 35.2728491]]], type='Polygon'), contained_within=[], id='f995a9bd45d4a867')","{'coordinates': [-89.9711, 35.1174], 'type': 'Point'}","Memphis, TN",0.968343199,negative,Joy,Trump
He's got my vote!! #election2016 #imwithhim @ Geist Elementary School https://t.co/dj2Y7AVO9j,11/8/2016 14:40,32.9787606,-96.89172166,"Place(name='Texas', _api=<tweepy.api.API object at 0x110ec6630>, url='https://api.twitter.com/1.1/geo/id/e0060cda70f5f341.json', full_name='Texas, USA', place_type='admin', country_code='US', attributes={}, country='United States', bounding_box=BoundingBox(_api=<tweepy.api.API object at 0x110ec6630>, coordinates=[[[-106.645646, 25.837092], [-93.508131, 25.837092], [-93.508131, 36.500695], [-106.645646, 36.500695]]], type='Polygon'), contained_within=[], id='e0060cda70f5f341')","{'coordinates': [-96.89172166, 32.9787606], 'type': 'Point'}","Dallas, TX",0.108836579,negative,Sadness,Trump
"How I feel bout today
#bholdageneral #election2016 #election #trump #hilary #vote‚Ä¶ https://t.co/j8TaKGuOr0",11/8/2016 14:36,41.61266841,-86.72019558,"Place(name='La Porte', _api=<tweepy.api.API object at 0x110ec6630>, url='https://api.twitter.com/1.1/geo/id/0c3058b105fd2332.json', full_name='La Porte, IN', place_type='city', country_code='US', attributes={}, country='United States', bounding_box=BoundingBox(_api=<tweepy.api.API object at 0x110ec6630>, coordinates=[[[-86.756307, 41.560946], [-86.653122, 41.560946], [-86.653122, 41.640985], [-86.756307, 41.640985]]], type='Polygon'), contained_within=[], id='0c3058b105fd2332')","{'coordinates': [-86.72019558, 41.61266841], 'type': 'Point'}",Indiana,1,neutral,Joy,Trump
I never thought this day would come. #election2016 #trumpvsclinton #vote @ Tree Tops Park https://t.co/ymRuU7O8vD,11/8/2016 14:28,33.20146717,-97.14120618,"Place(name='Denton', _api=<tweepy.api.API object at 0x110ec6630>, url='https://api.twitter.com/1.1/geo/id/f77b0bf942a40070.json', full_name='Denton, TX', place_type='city', country_code='US', attributes={}, country='United States', bounding_box=BoundingBox(_api=<tweepy.api.API object at 0x110ec6630>, coordinates=[[[-97.187543, 33.1289384], [-97.041998, 33.1289384], [-97.041998, 33.276053], [-97.187543, 33.276053]]], type='Polygon'), contained_within=[], id='f77b0bf942a40070')","{'coordinates': [-97.14120618, 33.20146717], 'type': 'Point'}","Denton, TX",0.108836579,negative,Anger,Trump
I own this precinct üá∫üá∏üëçüèªüöÇüí® #trumpthevote #womenfortrump #election2016 #raleigh #trumppence2016 @‚Ä¶ https://t.co/rDcBsttVHI,11/8/2016 14:28,36.17287,-86.7604099,"Place(name='Nashville', _api=<tweepy.api.API object at 0x110ec6630>, url='https://api.twitter.com/1.1/geo/id/00ab941b685334e3.json', full_name='Nashville, TN', place_type='city', country_code='US', attributes={}, country='United States', bounding_box=BoundingBox(_api=<tweepy.api.API object at 0x110ec6630>, coordinates=[[[-87.022482, 35.9945681], [-86.560616, 35.9945681], [-86.560616, 36.405448], [-87.022482, 36.405448]]], type='Polygon'), contained_within=[], id='00ab941b685334e3')","{'coordinates': [-86.7604099, 36.17287], 'type': 'Point'}","Nashville, TN",0.108836579,negative,Fear,Trump
I voted this morning! #vote #election2016 #election #clinton #trump #presidentialelection‚Ä¶ https://t.co/rs0VD3rie8,11/8/2016 14:22,26.14242,-80.31631,"Place(name='Sunrise', _api=<tweepy.api.API object at 0x110ec6630>, url='https://api.twitter.com/1.1/geo/id/14441682ff5a9fa3.json', full_name='Sunrise, FL', place_type='city', country_code='US', attributes={}, country='United States', bounding_box=BoundingBox(_api=<tweepy.api.API object at 0x110ec6630>, coordinates=[[[-80.3631122, 26.1193834], [-80.226673, 26.1193834], [-80.226673, 26.193854], [-80.3631122, 26.193854]]], type='Polygon'), contained_within=[], id='14441682ff5a9fa3')","{'coordinates': [-80.31631, 26.14242], 'type': 'Point'}","Sunrise, FL",1,neutral,Sadness,Trump
"I voted, go vote! #ivoted #american #letsmakehistory #utah #democrat #femalepresident #notrump‚Ä¶ https://t.co/zWx89XY6Zc",11/8/2016 14:20,40.7719,-73.9306,"Place(name='Queens', _api=<tweepy.api.API object at 0x110ec6630>, url='https://api.twitter.com/1.1/geo/id/00c39537733fa112.json', full_name='Queens, NY', place_type='city', country_code='US', attributes={}, country='United States', bounding_box=BoundingBox(_api=<tweepy.api.API object at 0x110ec6630>, coordinates=[[[-73.962582, 40.541722], [-73.699793, 40.541722], [-73.699793, 40.8000371], [-73.962582, 40.8000371]]], type='Polygon'), contained_within=[], id='00c39537733fa112')","{'coordinates': [-73.9306, 40.7719], 'type': 'Point'}","Astoria, Queens",19.71547723,positive,Surprise,Trump
"im bout to get mine before porn is blocked lol
#barackobama #president #donaldtrump #democrat‚Ä¶ https://t.co/Zd3vMevnmX",11/8/2016 14:06,39.172508,-84.5434238,"Place(name='Cincinnati', _api=<tweepy.api.API object at 0x110ec6630>, url='https://api.twitter.com/1.1/geo/id/e444ecd51bd16ff3.json', full_name='Cincinnati, OH', place_type='city', country_code='US', attributes={}, country='United States', bounding_box=BoundingBox(_api=<tweepy.api.API object at 0x110ec6630>, coordinates=[[[-84.710722, 39.052962], [-84.3689026, 39.052962], [-84.3689026, 39.2211137], [-84.710722, 39.2211137]]], type='Polygon'), contained_within=[], id='e444ecd51bd16ff3')","{'coordinates': [-84.5434238, 39.172508], 'type': 'Point'}","Cincinnati, Ohio",0.108836579,negative,Surprise,Trump
"im so üíÄüíÄüíÄ
#102 #barackobama #president #donaldtrump #democrat #hilaryclinton #anime #otaku‚Ä¶ https://t.co/K0Nn5nvZoZ",11/8/2016 14:06,26.7151,-80.0394,"Place(name='Palm Beach', _api=<tweepy.api.API object at 0x110ec6630>, url='https://api.twitter.com/1.1/geo/id/3297935a53c5a08c.json', full_name='Palm Beach, FL', place_type='city', country_code='US', attributes={}, country='United States', bounding_box=BoundingBox(_api=<tweepy.api.API object at 0x110ec6630>, coordinates=[[[-80.0455466, 26.593627], [-80.032976, 26.593627], [-80.032976, 26.771381], [-80.0455466, 26.771381]]], type='Polygon'), contained_within=[], id='3297935a53c5a08c')","{'coordinates': [-80.0394, 26.7151], 'type': 'Point'}","West Palm Beach, FL",19.71547723,positive,Joy,Trump
Its #election2016 #electionday &amp; your vote matters ! Go get ya #fuckdonaldtrump tee on‚Ä¶ https://t.co/KQGH7IEKuw,11/8/2016 13:53,37.5383,-77.4615,"Place(name='Richmond', _api=<tweepy.api.API object at 0x110ec6630>, url='https://api.twitter.com/1.1/geo/id/00f751614d8ce37b.json', full_name='Richmond, VA', place_type='city', country_code='US', attributes={}, country='United States', bounding_box=BoundingBox(_api=<tweepy.api.API object at 0x110ec6630>, coordinates=[[[-77.601044, 37.447046], [-77.385297, 37.447046], [-77.385297, 37.61272], [-77.601044, 37.61272]]], type='Polygon'), contained_within=[], id='00f751614d8ce37b')","{'coordinates': [-77.4615, 37.5383], 'type': 'Point'}",the grace period,0.055728215,negative,Joy,Trump
It's #ElectionDay everyone get out and vote! üá∫üá∏ #Election2016 #Trump #Trump2016 #TrumpTrain‚Ä¶ https://t.co/zTVVQaQzFZ,11/8/2016 13:59,28.60192736,-81.20068533,"Place(name='University', _api=<tweepy.api.API object at 0x110ec6630>, url='https://api.twitter.com/1.1/geo/id/01f196c135e37b16.json', full_name='University, FL', place_type='city', country_code='US', attributes={}, country='United States', bounding_box=BoundingBox(_api=<tweepy.api.API object at 0x110ec6630>, coordinates=[[[-81.2244846, 28.56471], [-81.170066, 28.56471], [-81.170066, 28.61218], [-81.2244846, 28.61218]]], type='Polygon'), contained_within=[], id='01f196c135e37b16')","{'coordinates': [-81.20068533, 28.60192736], 'type': 'Point'}","Orlando, FL",0.512035707,negative,Sadness,Trump
"Just did a thing #liberal #democrat #nottrump üëçüá∫üá∏üòÅ @ Edina, Minneapolis, Minnesota https://t.co/O9WZHFRKah",11/8/2016 13:51,40.75604431,-74.25305366,"Place(name='South Orange', _api=<tweepy.api.API object at 0x110ec6630>, url='https://api.twitter.com/1.1/geo/id/7329ff8dbdf5bc00.json', full_name='South Orange, NJ', place_type='city', country_code='US', attributes={}, country='United States', bounding_box=BoundingBox(_api=<tweepy.api.API object at 0x110ec6630>, coordinates=[[[-74.283246, 40.735693], [-74.234001, 40.735693], [-74.234001, 40.762275], [-74.283246, 40.762275]]], type='Polygon'), contained_within=[], id='7329ff8dbdf5bc00')","{'coordinates': [-74.25305366, 40.75604431], 'type': 'Point'}",,56.07224067,positive,Surprise,Trump
Just do it. #yourvoteyourvoice #imwithHIM #vote #election2016 #electionday 11.8.16 üá∫üá∏ @ United‚Ä¶ https://t.co/Nx182M3Hbp,11/8/2016 13:51,42.34927,-83.0836,"Place(name='Detroit', _api=<tweepy.api.API object at 0x110ec6630>, url='https://api.twitter.com/1.1/geo/id/b463d3bd6064861b.json', full_name='Detroit, MI', place_type='city', country_code='US', attributes={}, country='United States', bounding_box=BoundingBox(_api=<tweepy.api.API object at 0x110ec6630>, coordinates=[[[-83.288056, 42.255085], [-82.91052, 42.255085], [-82.91052, 42.450488], [-83.288056, 42.450488]]], type='Polygon'), contained_within=[], id='b463d3bd6064861b')","{'coordinates': [-83.0836, 42.34927], 'type': 'Point'}",Detroit,1,neutral,Joy,Trump
"Left or Right? Citizens first.
#PresidentialElection #election2016 #Trump #Clinton #politics‚Ä¶ https://t.co/AcjdQocrNd",11/8/2016 13:45,41.55793278,-77.10284237,"Place(name='Pennsylvania', _api=<tweepy.api.API object at 0x110ec6630>, url='https://api.twitter.com/1.1/geo/id/dd9c503d6c35364b.json', full_name='Pennsylvania, USA', place_type='admin', country_code='US', attributes={}, country='United States', bounding_box=BoundingBox(_api=<tweepy.api.API object at 0x110ec6630>, coordinates=[[[-80.519851, 39.719801], [-74.689517, 39.719801], [-74.689517, 42.516072], [-80.519851, 42.516072]]], type='Polygon'), contained_within=[], id='dd9c503d6c35364b')","{'coordinates': [-77.10284237, 41.55793278], 'type': 'Point'}",,0.930886893,negative,Anger,Trump
Little bit of a line to vote....#election2016 #usa #uws #nevertrump #america @ Frank Mccourt‚Ä¶ https://t.co/Kc44QhxWfc,11/8/2016 13:40,40.92562346,-74.10622422,"Place(name='Fair Lawn', _api=<tweepy.api.API object at 0x110ec6630>, url='https://api.twitter.com/1.1/geo/id/d9da081322efe6e7.json', full_name='Fair Lawn, NJ', place_type='city', country_code='US', attributes={}, country='United States', bounding_box=BoundingBox(_api=<tweepy.api.API object at 0x110ec6630>, coordinates=[[[-74.1481819, 40.917486], [-74.089421, 40.917486], [-74.089421, 40.955019], [-74.1481819, 40.955019]]], type='Polygon'), contained_within=[], id='d9da081322efe6e7')","{'coordinates': [-74.10622422, 40.92562346], 'type': 'Point'}","Fair Lawn, New Jersey",0.930886893,negative,Fear,Trump
"lmao #barack going in
#barackobama #president #donaldtrump #democrat #hilaryclinton #anime‚Ä¶ https://t.co/1JJJoFtQfe",11/8/2016 13:40,40.763186,-73.994508,"Place(name='Manhattan', _api=<tweepy.api.API object at 0x110ec6630>, url='https://api.twitter.com/1.1/geo/id/01a9a39529b27f36.json', full_name='Manhattan, NY', place_type='city', country_code='US', attributes={}, country='United States', bounding_box=BoundingBox(_api=<tweepy.api.API object at 0x110ec6630>, coordinates=[[[-74.026675, 40.683935], [-73.910408, 40.683935], [-73.910408, 40.877483], [-74.026675, 40.877483]]], type='Polygon'), contained_within=[], id='01a9a39529b27f36')","{'coordinates': [-73.994508, 40.763186], 'type': 'Point'}","New York, NY",19.71547723,positive,Anger,Trump
"lmao
#election2016 #barackobama #president #donaldtrump #democrat #hilaryclinton #anime #otaku‚Ä¶ https://t.co/DDH6thx1vC",11/8/2016 13:39,33.97284,-80.98927,"Place(name='South Carolina', _api=<tweepy.api.API object at 0x110ec6630>, url='https://api.twitter.com/1.1/geo/id/6057f1e35bcc6c20.json', full_name='South Carolina, USA', place_type='admin', country_code='US', attributes={}, country='United States', bounding_box=BoundingBox(_api=<tweepy.api.API object at 0x110ec6630>, coordinates=[[[-83.353955, 32.04683], [-78.499301, 32.04683], [-78.499301, 35.215449], [-83.353955, 35.215449]]], type='Polygon'), contained_within=[], id='6057f1e35bcc6c20')","{'coordinates': [-80.98927, 33.97284], 'type': 'Point'}","Columbia, SC",0.926848254,negative,Anger,Trump
Make it count. #election2016 #theonlyone #trumptrain #trump2016 #trump #civicduty #merica‚Ä¶ https://t.co/JVOy0qrNF9,11/8/2016 13:37,30.65587638,-96.32576987,"Place(name='Bryan', _api=<tweepy.api.API object at 0x110ec6630>, url='https://api.twitter.com/1.1/geo/id/9ce0f1d2eb5998ce.json', full_name='Bryan, TX', place_type='city', country_code='US', attributes={}, country='United States', bounding_box=BoundingBox(_api=<tweepy.api.API object at 0x110ec6630>, coordinates=[[[-96.439644, 30.6092141], [-96.255918, 30.6092141], [-96.255918, 30.722503], [-96.439644, 30.722503]]], type='Polygon'), contained_within=[], id='9ce0f1d2eb5998ce')","{'coordinates': [-96.32576987, 30.65587638], 'type': 'Point'}",Texas,0.512035707,negative,Joy,Trump
Millie is keeping close tabs on #election2016 she voted this morning. Did you?? #trump2016‚Ä¶ https://t.co/rNdm2NR8r6,11/8/2016 13:34,39.86480835,-86.19261891,"Place(name='Indianapolis', _api=<tweepy.api.API object at 0x110ec6630>, url='https://api.twitter.com/1.1/geo/id/018929347840059e.json', full_name='Indianapolis, IN', place_type='city', country_code='US', attributes={}, country='United States', bounding_box=BoundingBox(_api=<tweepy.api.API object at 0x110ec6630>, coordinates=[[[-86.348441, 39.631677], [-85.937404, 39.631677], [-85.937404, 39.927448], [-86.348441, 39.927448]]], type='Polygon'), contained_within=[], id='018929347840059e')","{'coordinates': [-86.19261891, 39.86480835], 'type': 'Point'}","Indianapolis, USA",0.057896815,negative,Fear,Trump
my cute little election table! #election2016 #trumppence2016 #womenfortrump #raleigh @ Wake‚Ä¶ https://t.co/xJyEtA1GaZ,11/8/2016 13:31,43.56799808,-116.2209173,"Place(name='Boise', _api=<tweepy.api.API object at 0x110ec6630>, url='https://api.twitter.com/1.1/geo/id/737fcb9daae404ac.json', full_name='Boise, ID', place_type='city', country_code='US', attributes={}, country='United States', bounding_box=BoundingBox(_api=<tweepy.api.API object at 0x110ec6630>, coordinates=[[[-116.374494, 43.510172], [-116.101508, 43.510172], [-116.101508, 43.685894], [-116.374494, 43.685894]]], type='Polygon'), contained_within=[], id='737fcb9daae404ac')","{'coordinates': [-116.22091727, 43.56799808], 'type': 'Point'}","Outside Washington, DC",0.512035707,negative,Fear,Trump
"my friend king71896 wants to know lol
#obamaphone #barackobama #president #donaldtrump #democrat‚Ä¶ https://t.co/ggPqlq17EW",11/8/2016 13:30,39.95387478,-75.16724886,"Place(name='Philadelphia', _api=<tweepy.api.API object at 0x110ec6630>, url='https://api.twitter.com/1.1/geo/id/e4a0d228eb6be76b.json', full_name='Philadelphia, PA', place_type='city', country_code='US', attributes={}, country='United States', bounding_box=BoundingBox(_api=<tweepy.api.API object at 0x110ec6630>, coordinates=[[[-75.280284, 39.871811], [-74.955712, 39.871811], [-74.955712, 40.13792], [-75.280284, 40.13792]]], type='Polygon'), contained_within=[], id='e4a0d228eb6be76b')","{'coordinates': [-75.16724886, 39.95387478], 'type': 'Point'}",follow me at: ,57.62828998,positive,Anger,Trump
"no no no
#barackobama #president #donaldtrump #democrat #hilaryclinton #anime #otaku‚Ä¶ https://t.co/e5ktQybqXM",11/8/2016 13:22,33.49075,-112.68832,"Place(name='Arizona', _api=<tweepy.api.API object at 0x110ec6630>, url='https://api.twitter.com/1.1/geo/id/a612c69b44b2e5da.json', full_name='Arizona, USA', place_type='admin', country_code='US', attributes={}, country='United States', bounding_box=BoundingBox(_api=<tweepy.api.API object at 0x110ec6630>, coordinates=[[[-114.818269, 31.3322463], [-109.0451527, 31.3322463], [-109.0451527, 37.004261], [-114.818269, 37.004261]]], type='Polygon'), contained_within=[], id='a612c69b44b2e5da')","{'coordinates': [-112.68832, 33.49075], 'type': 'Point'}","Buckeye, Arizona",19.71547723,positive,Anger,Trump
Number 19 at the polls this morning. #election2016 #getoutandvote #clinton2016 #lovetrumpshate @‚Ä¶ https://t.co/7erS0TAnjb,11/8/2016 13:20,40,-100,"Place(name='Kansas', _api=<tweepy.api.API object at 0x110ec6630>, url='https://api.twitter.com/1.1/geo/id/27c45d804c777999.json', full_name='Kansas, USA', place_type='admin', country_code='US', attributes={}, country='United States', bounding_box=BoundingBox(_api=<tweepy.api.API object at 0x110ec6630>, coordinates=[[[-102.051769, 36.9931101], [-94.588081, 36.9931101], [-94.588081, 40.003282], [-102.051769, 40.003282]]], type='Polygon'), contained_within=[], id='27c45d804c777999')","{'coordinates': [-100.0, 40.0], 'type': 'Point'}",Chattanooga,0.108836579,negative,Fear,Trump
Qual dos dois hoje? #usa #ny #nyc #elections #election2016 #electionday #donaldtrump #trump‚Ä¶ https://t.co/9Nxld6H9Ai,11/8/2016 13:04,39.1329592,-76.5483123,"Place(name='Green Haven', _api=<tweepy.api.API object at 0x110ec6630>, url='https://api.twitter.com/1.1/geo/id/402ac1aac38ae3b9.json', full_name='Green Haven, MD', place_type='city', country_code='US', attributes={}, country='United States', bounding_box=BoundingBox(_api=<tweepy.api.API object at 0x110ec6630>, coordinates=[[[-76.567668, 39.123656], [-76.514318, 39.123656], [-76.514318, 39.153316], [-76.567668, 39.153316]]], type='Polygon'), contained_within=[], id='402ac1aac38ae3b9')","{'coordinates': [-76.5483123, 39.1329592], 'type': 'Point'}","Baltimore, MD",0.926848254,negative,Fear,Trump
Red White and Blue it's up to you . ~ #election2016 #election #trump #clinton #vote #history‚Ä¶ https://t.co/apHgCbHZKD,11/8/2016 12:59,45.05076818,-93.21898348,"Place(name='St Anthony', _api=<tweepy.api.API object at 0x110ec6630>, url='https://api.twitter.com/1.1/geo/id/73ab44fba43ac017.json', full_name='St Anthony, MN', place_type='city', country_code='US', attributes={}, country='United States', bounding_box=BoundingBox(_api=<tweepy.api.API object at 0x110ec6630>, coordinates=[[[-93.227089, 45.005465], [-93.2075177, 45.005465], [-93.2075177, 45.05005], [-93.227089, 45.05005]]], type='Polygon'), contained_within=[], id='73ab44fba43ac017')","{'coordinates': [-93.21898348, 45.05076818], 'type': 'Point'}",,1.818011675,neutral,Sadness,Trump
Series Finale. #election2016 #uselection #trump #clinton #americaisdead #thelastelection‚Ä¶ https://t.co/BAEJ1S7kfF,11/8/2016 12:54,25.7038002,-80.2897797,"Place(name='South Miami', _api=<tweepy.api.API object at 0x110ec6630>, url='https://api.twitter.com/1.1/geo/id/28edff73b28c1a74.json', full_name='South Miami, FL', place_type='city', country_code='US', attributes={}, country='United States', bounding_box=BoundingBox(_api=<tweepy.api.API object at 0x110ec6630>, coordinates=[[[-80.306913, 25.689337], [-80.284859, 25.689337], [-80.284859, 25.734075], [-80.306913, 25.734075]]], type='Polygon'), contained_within=[], id='28edff73b28c1a74')","{'coordinates': [-80.2897797, 25.7038002], 'type': 'Point'}",Wade County,1,neutral,Surprise,Trump
serpentine_man trumpet man democrat @ Just Off The Atchafalaya Basin Bridge https://t.co/5GqhyqtTuF,11/8/2016 12:54,29.62265177,-82.38528474,"Place(name='Gainesville', _api=<tweepy.api.API object at 0x110ec6630>, url='https://api.twitter.com/1.1/geo/id/7dda05213481260c.json', full_name='Gainesville, FL', place_type='city', country_code='US', attributes={}, country='United States', bounding_box=BoundingBox(_api=<tweepy.api.API object at 0x110ec6630>, coordinates=[[[-82.421473, 29.600496], [-82.239066, 29.600496], [-82.239066, 29.745847], [-82.421473, 29.745847]]], type='Polygon'), contained_within=[], id='7dda05213481260c')","{'coordinates': [-82.38528474, 29.62265177], 'type': 'Point'}","Gainesville, FL",57.62828998,positive,Joy,Trump
So lunch it will have to be: @realDonaldTrump #TrumpPence16 #Trump2016 #Election2016 #ElectionDay #MAGA... https://t.co/2L9DETA4tF,11/8/2016 12:51,41.2881,-73.9176,"Place(name='Croton-on-Hudson', _api=<tweepy.api.API object at 0x110ec6630>, url='https://api.twitter.com/1.1/geo/id/01b828da4311466f.json', full_name='Croton-on-Hudson, NY', place_type='city', country_code='US', attributes={}, country='United States', bounding_box=BoundingBox(_api=<tweepy.api.API object at 0x110ec6630>, coordinates=[[[-73.946553, 41.168161], [-73.847928, 41.168161], [-73.847928, 41.334491], [-73.946553, 41.334491]]], type='Polygon'), contained_within=[], id='01b828da4311466f')","{'coordinates': [-73.9176, 41.2881], 'type': 'Point'}","NYC, NY",1.891163421,neutral,Anger,Trump
The deed is done folks. #election2016 is on the books #nevertrump @ City of Culver City - Local‚Ä¶ https://t.co/h43UIB4fE6,11/8/2016 12:37,40.7150656,-73.8440172,"Place(name='Queens', _api=<tweepy.api.API object at 0x110ec6630>, url='https://api.twitter.com/1.1/geo/id/00c39537733fa112.json', full_name='Queens, NY', place_type='city', country_code='US', attributes={}, country='United States', bounding_box=BoundingBox(_api=<tweepy.api.API object at 0x110ec6630>, coordinates=[[[-73.962582, 40.541722], [-73.699793, 40.541722], [-73.699793, 40.8000371], [-73.962582, 40.8000371]]], type='Polygon'), contained_within=[], id='00c39537733fa112')","{'coordinates': [-73.8440172, 40.7150656], 'type': 'Point'}",New York,0.108836579,negative,Anger,Trump
"The Roosevelt GodFather !! medalert !!! 
#trumpvsgod #election2016 afterparty!! @ The Hollywood‚Ä¶ https://t.co/kg6Jg7kyTj",11/8/2016 12:32,38.02703,-78.49055,"Place(name='Charlottesville', _api=<tweepy.api.API object at 0x110ec6630>, url='https://api.twitter.com/1.1/geo/id/531a6942bb8056b9.json', full_name='Charlottesville, VA', place_type='city', country_code='US', attributes={}, country='United States', bounding_box=BoundingBox(_api=<tweepy.api.API object at 0x110ec6630>, coordinates=[[[-78.528507, 38.009553], [-78.446389, 38.009553], [-78.446389, 38.07052], [-78.528507, 38.07052]]], type='Polygon'), contained_within=[], id='531a6942bb8056b9')","{'coordinates': [-78.49055, 38.02703], 'type': 'Point'}","Charlottesville, VA",0.108836579,negative,Joy,Trump
"They coming...
#saints #churchhumor #election2016 #trump #clinton üòÇüòÇüòÇüòÇüòÇ#ifucan  #govote @ City‚Ä¶ https://t.co/hEM2p0xPnQ",11/8/2016 12:29,38.8951,-77.0367,"Place(name='Washington', _api=<tweepy.api.API object at 0x110ec6630>, url='https://api.twitter.com/1.1/geo/id/01fbe706f872cb32.json', full_name='Washington, DC', place_type='city', country_code='US', attributes={}, country='United States', bounding_box=BoundingBox(_api=<tweepy.api.API object at 0x110ec6630>, coordinates=[[[-77.119401, 38.801826], [-76.909396, 38.801826], [-76.909396, 38.9953797], [-77.119401, 38.9953797]]], type='Polygon'), contained_within=[], id='01fbe706f872cb32')","{'coordinates': [-77.0367, 38.8951], 'type': 'Point'}","Brescia, Lombardy",1,neutral,Joy,Trump
Today we make history....again! ‚ò∫Ô∏è‚úåÔ∏èÔ∏è #nyc #nycüóΩ #nycvotes #election2016 #clintonvstrump‚Ä¶ https://t.co/wwHTSdYr0e,11/8/2016 12:13,41.8991,-87.6682,"Place(name='Chicago', _api=<tweepy.api.API object at 0x110ec6630>, url='https://api.twitter.com/1.1/geo/id/1d9a5370a355ab0c.json', full_name='Chicago, IL', place_type='city', country_code='US', attributes={}, country='United States', bounding_box=BoundingBox(_api=<tweepy.api.API object at 0x110ec6630>, coordinates=[[[-87.940033, 41.644102], [-87.523993, 41.644102], [-87.523993, 42.0230669], [-87.940033, 42.0230669]]], type='Polygon'), contained_within=[], id='1d9a5370a355ab0c')","{'coordinates': [-87.6682, 41.8991], 'type': 'Point'}",chicago,0.108836579,negative,Fear,Trump
Took 5 minutes to vote.  #election2016 #makeamericagreatagain #trump @ Hopper Middle School https://t.co/cbihI2s77P,11/8/2016 12:10,40.69068887,-74.03431027,"Place(name='New Jersey', _api=<tweepy.api.API object at 0x110ec6630>, url='https://api.twitter.com/1.1/geo/id/65b4760a2b411e11.json', full_name='New Jersey, USA', place_type='admin', country_code='US', attributes={}, country='United States', bounding_box=BoundingBox(_api=<tweepy.api.API object at 0x110ec6630>, coordinates=[[[-75.563587, 38.788657], [-73.88506, 38.788657], [-73.88506, 41.357424], [-75.563587, 41.357424]]], type='Polygon'), contained_within=[], id='65b4760a2b411e11')","{'coordinates': [-74.03431027, 40.69068887], 'type': 'Point'}","√úT: 43.838973,-79.373746",1,neutral,Sadness,Trump
"Under President Trump and a GOP Congress, Big Changes Are on the Way for America ‚Äî and Soon https://t.co/AOMLt1VNqZ",11/8/2016 12:08,40.93371932,-74.14876047,"Place(name='Paterson', _api=<tweepy.api.API object at 0x110ec6630>, url='https://api.twitter.com/1.1/geo/id/23a06e5cc6d83009.json', full_name='Paterson, NJ', place_type='city', country_code='US', attributes={}, country='United States', bounding_box=BoundingBox(_api=<tweepy.api.API object at 0x110ec6630>, coordinates=[[[-74.205822, 40.888642], [-74.1297933, 40.888642], [-74.1297933, 40.941452], [-74.205822, 40.941452]]], type='Polygon'), contained_within=[], id='23a06e5cc6d83009')","{'coordinates': [-74.14876047, 40.93371932], 'type': 'Point'}",north nj,1,neutral,Joy,Trump
US Voting Day Election 2016 #election2016 #unitedstates #democracy #hilaryclinton #donaldtrump‚Ä¶ https://t.co/aOkqD6IfEZ,11/8/2016 12:06,38.84823423,-77.06884756,"Place(name='Arlington', _api=<tweepy.api.API object at 0x110ec6630>, url='https://api.twitter.com/1.1/geo/id/319ee7b36c9149da.json', full_name='Arlington, VA', place_type='city', country_code='US', attributes={}, country='United States', bounding_box=BoundingBox(_api=<tweepy.api.API object at 0x110ec6630>, coordinates=[[[-77.172219, 38.827378], [-77.031779, 38.827378], [-77.031779, 38.934311], [-77.172219, 38.934311]]], type='Polygon'), contained_within=[], id='319ee7b36c9149da')","{'coordinates': [-77.06884756, 38.84823423], 'type': 'Point'}","Arlington, VA",0.108836579,negative,Anger,Trump
US Voting Day Election 2016 #election2016 #unitedstates #democracy #hilaryclinton #donaldtrump‚Ä¶ https://t.co/gdIM4aVqE5,11/8/2016 12:06,41.4200949,-87.7361545,"Place(name='Monee', _api=<tweepy.api.API object at 0x110ec6630>, url='https://api.twitter.com/1.1/geo/id/011445d6621867cf.json', full_name='Monee, IL', place_type='city', country_code='US', attributes={}, country='United States', bounding_box=BoundingBox(_api=<tweepy.api.API object at 0x110ec6630>, coordinates=[[[-87.777309, 41.397011], [-87.713588, 41.397011], [-87.713588, 41.4563145], [-87.777309, 41.4563145]]], type='Polygon'), contained_within=[], id='011445d6621867cf')","{'coordinates': [-87.7361545, 41.4200949], 'type': 'Point'}","Monee, IL",0.108836579,negative,Sadness,Trump
"Voting today
#makingmyvotecountüìù‚úè 
#election2016üá∫üá∏ 
#trump 
#trumpüá∫üá∏ @ Hanahan Middle https://t.co/SeJZv4uqGf",11/8/2016 11:36,40,-100,"Place(name='Kansas', _api=<tweepy.api.API object at 0x110ec6630>, url='https://api.twitter.com/1.1/geo/id/27c45d804c777999.json', full_name='Kansas, USA', place_type='admin', country_code='US', attributes={}, country='United States', bounding_box=BoundingBox(_api=<tweepy.api.API object at 0x110ec6630>, coordinates=[[[-102.051769, 36.9931101], [-94.588081, 36.9931101], [-94.588081, 40.003282], [-102.051769, 40.003282]]], type='Polygon'), contained_within=[], id='27c45d804c777999')","{'coordinates': [-100.0, 40.0], 'type': 'Point'}",New York,21.27152655,positive,Sadness,Trump
"we ton be lit
#barackobama #president #donaldtrump #democrat #hilaryclinton #anime #otaku‚Ä¶ https://t.co/zpBg101m8p",11/8/2016 10:54,40.7457,-74.05026,"Place(name='Jersey City', _api=<tweepy.api.API object at 0x110ec6630>, url='https://api.twitter.com/1.1/geo/id/b046074b1030a44d.json', full_name='Jersey City, NJ', place_type='city', country_code='US', attributes={}, country='United States', bounding_box=BoundingBox(_api=<tweepy.api.API object at 0x110ec6630>, coordinates=[[[-74.107995, 40.666879], [-74.0253309, 40.666879], [-74.0253309, 40.769124], [-74.107995, 40.769124]]], type='Polygon'), contained_within=[], id='b046074b1030a44d')","{'coordinates': [-74.05026, 40.7457], 'type': 'Point'}",NYC,19.71547723,positive,Joy,Trump
"Well my fellow #americans it is finally upon us #election2016 #trump the #misogynistic, #racist‚Ä¶ https://t.co/aPLpBjFjEL",11/8/2016 7:33,40.763186,-73.994508,"Place(name='Manhattan', _api=<tweepy.api.API object at 0x110ec6630>, url='https://api.twitter.com/1.1/geo/id/01a9a39529b27f36.json', full_name='Manhattan, NY', place_type='city', country_code='US', attributes={}, country='United States', bounding_box=BoundingBox(_api=<tweepy.api.API object at 0x110ec6630>, coordinates=[[[-74.026675, 40.683935], [-73.910408, 40.683935], [-73.910408, 40.877483], [-74.026675, 40.877483]]], type='Polygon'), contained_within=[], id='01a9a39529b27f36')","{'coordinates': [-73.994508, 40.763186], 'type': 'Point'}","Hell's Kitchen, USA",1.818011675,neutral,Fear,Trump
"well shit
#barackobama #president #donaldtrump #democrat #hilaryclinton #anime #otaku‚Ä¶ https://t.co/kXgo1rWHhq",11/8/2016 7:31,47.7449,-122.083,"Place(name='Cottage Lake', _api=<tweepy.api.API object at 0x110ec6630>, url='https://api.twitter.com/1.1/geo/id/1148c4a01a9636d4.json', full_name='Cottage Lake, WA', place_type='city', country_code='US', attributes={}, country='United States', bounding_box=BoundingBox(_api=<tweepy.api.API object at 0x110ec6630>, coordinates=[[[-122.16171, 47.7110752], [-121.988041, 47.7110752], [-121.988041, 47.775931], [-122.16171, 47.775931]]], type='Polygon'), contained_within=[], id='1148c4a01a9636d4')","{'coordinates': [-122.083, 47.7449], 'type': 'Point'}",Seattle's Eastside,37.11583429,positive,Fear,Trump
"Wow, Trump really went the distance at my polling place. #election2016 @ Sherman Oaks Woman's Club https://t.co/hGSoeBOwNA",11/8/2016 5:09,34.118037,-117.658625,"Place(name='Upland', _api=<tweepy.api.API object at 0x110ec6630>, url='https://api.twitter.com/1.1/geo/id/7b2a70199c4d7b6d.json', full_name='Upland, CA', place_type='city', country_code='US', attributes={}, country='United States', bounding_box=BoundingBox(_api=<tweepy.api.API object at 0x110ec6630>, coordinates=[[[-117.704483, 34.086988], [-117.619223, 34.086988], [-117.619223, 34.152304], [-117.704483, 34.152304]]], type='Polygon'), contained_within=[], id='7b2a70199c4d7b6d')","{'coordinates': [-117.658625, 34.118037], 'type': 'Point'}","Inland Empire, Ca ",1.891163421,neutral,Surprise,Trump
Yes I did! #IVoted #Election2016. #Trump @ Helena Sports Complex https://t.co/Q4QSDv27Km,11/8/2016 4:47,40.70943,-99.07442,"Place(name='Kearney', _api=<tweepy.api.API object at 0x110ec6630>, url='https://api.twitter.com/1.1/geo/id/af9a31eae0eac9a0.json', full_name='Kearney, NE', place_type='city', country_code='US', attributes={}, country='United States', bounding_box=BoundingBox(_api=<tweepy.api.API object at 0x110ec6630>, coordinates=[[[-99.147605, 40.656366], [-98.988387, 40.656366], [-98.988387, 40.743234], [-99.147605, 40.743234]]], type='Polygon'), contained_within=[], id='af9a31eae0eac9a0')","{'coordinates': [-99.07442, 40.70943], 'type': 'Point'}","Nebraska, USA",1.006025186,neutral,Fear,Trump
Yes!! #votetrump @ADL_National: Exercise your constitutional right to vote today. #ElectionDay #Election2016 https://t.co/RCxRX0l04t,11/8/2016 4:43,36.17718,-86.75008,"Place(name='Nashville', _api=<tweepy.api.API object at 0x110ec6630>, url='https://api.twitter.com/1.1/geo/id/00ab941b685334e3.json', full_name='Nashville, TN', place_type='city', country_code='US', attributes={}, country='United States', bounding_box=BoundingBox(_api=<tweepy.api.API object at 0x110ec6630>, coordinates=[[[-87.022482, 35.9945681], [-86.560616, 35.9945681], [-86.560616, 36.405448], [-87.022482, 36.405448]]], type='Polygon'), contained_within=[], id='00ab941b685334e3')","{'coordinates': [-86.75008, 36.17718], 'type': 'Point'}","Nashville, TN",0.930886893,negative,Surprise,Trump
